config,station,date,wasserstein,acf_l2,boundary_jump
full,S12,19760113,0.4135849056603772,0.038534714605378044,0.0
one_sided,S12,19760113,2.961970649895178,0.02653315350313328,0.0
no_phase_template,S12,19760113,0.24670859538784057,0.040827141568532205,0.0
no_trend_align,S12,19760113,0.5273375262054506,0.037085572862924694,0.0
no_seam_blend,S12,19760113,0.4255765199161424,0.039717793701260135,0.0
linear_fusion,S12,19760113,0.47899371069182395,0.04751079049239271,0.0
full,S15,19760125,0.2575681341719077,0.1703557478885681,0.0
one_sided,S15,19760125,0.18976939203354293,0.026092345942594977,0.0
no_phase_template,S15,19760125,0.058322851153039736,0.28314935461860974,0.0
no_trend_align,S15,19760125,1.3652830188679246,0.16766115905583184,0.0
no_seam_blend,S15,19760125,0.26746331236897275,0.1855369833566582,0.0
linear_fusion,S15,19760125,0.2659958071278826,0.16092631985307837,0.0
full,S16,19760125,0.07551362683438155,0.028204720061386242,0.0
one_sided,S16,19760125,2.447966457023061,0.022641596594974146,0.0
no_phase_template,S16,19760125,0.14285115303983215,0.08086946609454249,0.0
no_trend_align,S16,19760125,0.7184486373165616,0.02868367173093479,0.0
no_seam_blend,S16,19760125,0.06767295597484281,0.02940190942764813,0.0
linear_fusion,S16,19760125,0.07844863731656185,0.025474388319444277,0.0
full,S12,19761114,0.3924528301886794,0.016167117798988506,0.0
one_sided,S12,19761114,0.3324947589098536,0.015292922612774948,0.0
no_phase_template,S12,19761114,0.1939622641509437,0.012086230898829943,0.0
no_trend_align,S12,19761114,0.27031446540880516,0.017271135055319395,0.0
no_seam_blend,S12,19761114,0.38314465408805065,0.015785618684758793,0.0
linear_fusion,S12,19761114,0.4220545073375263,0.013406103102440862,0.0
