experiment,event,station,scenario,anom_type,level,n_segments,total_anom_sec,anom_start,anom_end,method,rmse,mae,rmse_anom,mae_anom,snr_db,psd_cos,amp_rmse,psd_log_rmse,wasserstein,acf_l2,envelope_dist,spec_entropy_err,boundary_jump,ablation_wasserstein_abs,ablation_acf_l2_5s
ablation,S12_19760113,S12,ablation,dropout,large,1,3600.0,202715,226564,Full,0.8262146135797057,0.18861094319448474,2.862026374538407,2.2632285115303983,55.919536947794484,0.9992490872940887,8.848187838910494,0.04050466201421888,0.4135849056603772,0.37338868108175377,0.41370096286777186,0.04160813854651313,0.0,0.4135849056603772,0.038534714605378044
ablation,S12_19760113,S12,ablation,dropout,large,1,3600.0,202715,226564,OneSided,1.1895353680234992,0.2796528144185445,4.120577802393315,3.3556813417190776,52.75384720697105,0.9988063031049352,10.32912028505089,0.03618567250514051,2.961970649895178,0.17008336201724172,2.960768087065383,0.014419848985034456,0.0,2.961970649895178,0.02653315350313328
ablation,S12_19760113,S12,ablation,dropout,large,1,3600.0,202715,226564,NoPhaseTemplate,0.7888639895894662,0.1785266276944795,2.73264295622488,2.1422222222222222,56.321351759733,0.9978204423813647,8.467277405285285,0.048431444158532864,0.24670859538784057,0.33782132107564483,0.24749119478045012,0.0399902324651214,0.0,0.24670859538784057,0.040827141568532205
ablation,S12_19760113,S12,ablation,dropout,large,1,3600.0,202715,226564,NoTrendAlign,0.8341632047488109,0.1918151418478128,2.88956047668632,2.3016771488469603,55.836373811874964,0.999221718346019,8.901853797384726,0.04003935554877122,0.5273375262054506,0.3712173500949052,0.5261764554107858,0.04208806468843318,0.0,0.5273375262054506,0.037085572862924694
ablation,S12_19760113,S12,ablation,dropout,large,1,3600.0,202715,226564,NoSeamBlend,0.8311270164851724,0.18981994290446455,2.8790430508918914,2.277735849056604,55.868046399707865,0.9992117011344477,8.903178398024071,0.0406714444637039,0.4255765199161424,0.3800687519846256,0.4257137838335745,0.0414671361974438,0.0,0.4255765199161424,0.039717793701260135
ablation,S12_19760113,S12,ablation,dropout,large,1,3600.0,202715,226564,LinearFusion,0.8355924865671253,0.19223794232442423,2.894511541692228,2.3067505241090145,55.82150386744871,0.9988900011606028,8.660331097539846,0.039963533493320595,0.47899371069182395,0.42350208382746907,0.4790634586827901,0.04260475784931578,0.0,0.47899371069182395,0.04751079049239271
ablation,S15_19760125,S15,ablation,dropout,large,1,3600.0,220602,244451,Full,0.4319956752714967,0.09116038137506612,1.5575473920259084,1.1850314465408804,61.09679239656485,0.9988511206235119,1.41322155235697,0.03928957352165447,0.2575681341719077,0.2691942929515736,0.2578322309403113,0.11421809028341612,0.0,0.2575681341719077,0.1703557478885681
ablation,S15_19760125,S15,ablation,dropout,large,1,3600.0,220602,244451,OneSided,0.39600567958643934,0.08329355300674761,1.4277865468900048,1.0827672955974843,61.85235208442111,0.9995016090773419,1.3197952107470836,0.03898287167809195,0.18976939203354293,0.2534005806233886,0.19003686854844887,0.09717997841689707,0.0,0.18976939203354293,0.026092345942594977
ablation,S15_19760125,S15,ablation,dropout,large,1,3600.0,220602,244451,NoPhaseTemplate,0.36303494634325006,0.07537511772826382,1.3089115615239195,0.979832285115304,62.6074117194059,0.9992954127006876,1.274855065805557,0.044853551905203966,0.058322851153039736,0.15757930838808507,0.05838248860823793,0.12328484692562713,0.0,0.058322851153039736,0.28314935461860974
ablation,S15_19760125,S15,ablation,dropout,large,1,3600.0,220602,244451,NoTrendAlign,0.5745801128256883,0.1263208143570424,2.0716312858436883,1.6420964360587003,58.61936857324939,0.9981291444393411,1.4151253965619035,0.03934149157836382,1.3652830188679246,0.26986842568897423,1.3660984980805222,0.11373156460433442,0.0,1.3652830188679246,0.16766115905583184
ablation,S15_19760125,S15,ablation,dropout,large,1,3600.0,220602,244451,NoSeamBlend,0.43577207603146295,0.09175386084196674,1.5711630911905665,1.1927463312368973,61.02119242812958,0.9987846702062234,1.4201604440290785,0.039723687293264504,0.26746331236897275,0.2690502860066407,0.2676922455908852,0.11415062881838856,0.0,0.26746331236897275,0.1855369833566582
ablation,S15_19760125,S15,ablation,dropout,large,1,3600.0,220602,244451,LinearFusion,0.4373199723414472,0.09196996477828381,1.5767439847011957,1.1955555555555555,60.9903941391495,0.9988859613156978,1.4470767276882668,0.03949543217538048,0.2659958071278826,0.2832423308724613,0.26628637531776633,0.11332727685295896,0.0,0.2659958071278826,0.16092631985307837
ablation,S16_19760125,S16,ablation,dropout,large,1,3600.0,220602,244451,Full,0.8808212694356631,0.19343820253711655,3.175779671185667,2.5145911949685535,54.646030403564005,0.9994735213929921,9.121255615669206,0.02817840645291638,0.07551362683438155,0.04015353656173443,0.07544822543091112,0.0027195198120470443,0.0,0.07551362683438155,0.028204720061386242
ablation,S16_19760125,S16,ablation,dropout,large,1,3600.0,220602,244451,OneSided,1.1231886098928274,0.25234407506200873,4.049629224428567,3.280335429769392,52.53473245225734,0.9994353060130623,9.397638756211064,0.02981471510812708,2.447966457023061,0.051842525336656835,2.4477269683554304,0.006642303306312047,0.0,2.447966457023061,0.022641596594974146
ablation,S16_19760125,S16,ablation,dropout,large,1,3600.0,220602,244451,NoPhaseTemplate,0.9109872237769349,0.20138564106864665,3.2845422861260447,2.6179035639413,54.35354054169249,0.9991239092528699,9.60577922213425,0.04218781859990857,0.14285115303983215,0.12340221819091325,0.1428579231662103,0.0068048190061208436,0.0,0.14285115303983215,0.08086946609454249
ablation,S16_19760125,S16,ablation,dropout,large,1,3600.0,220602,244451,NoTrendAlign,0.9039960806191626,0.19903108338682157,3.2593358894491944,2.587295597484277,54.42045531506088,0.99946658161609,9.131262961130068,0.027304930124673818,0.7184486373165616,0.04054653666240691,0.7183999793553639,0.0020581994481347343,0.0,0.7184486373165616,0.02868367173093479
ablation,S16_19760125,S16,ablation,dropout,large,1,3600.0,220602,244451,NoSeamBlend,0.8830576420385481,0.1944735628328232,3.183842858231535,2.5280503144654087,54.62400520001928,0.9994739245029065,9.171998789347375,0.02835349576422901,0.06767295597484281,0.038559735436776266,0.06756438086802376,0.0027490265331768793,0.0,0.06767295597484281,0.02940190942764813
ablation,S16_19760125,S16,ablation,dropout,large,1,3600.0,220602,244451,LinearFusion,0.8808029600741778,0.19332208736376627,3.1757136572279943,2.513081761006289,54.64621095636357,0.9994761694118767,9.109768705481207,0.029234184740487737,0.07844863731656185,0.03933732615127923,0.07839610980385511,0.0046690182293837035,0.0,0.07844863731656185,0.025474388319444277
ablation,S12_19761114,S12,ablation,dropout,large,1,3600.0,220602,244451,Full,1.2503111338157709,0.26552959808022913,4.5079663936512775,3.451740041928721,52.14583709591526,0.9990978337730468,26.362886817722252,0.015209241890332327,0.3924528301886794,0.1981342897232849,0.3947231926683588,0.01011498543168099,0.0,0.3924528301886794,0.016167117798988506
ablation,S12_19761114,S12,ablation,dropout,large,1,3600.0,220602,244451,OneSided,1.2193215861371098,0.26856794511622806,4.396234332957302,3.491236897274633,52.36383381908266,0.9993420147296114,27.141771742164657,0.013645932310683302,0.3324947589098536,0.21952968528368605,0.3335836616336306,0.014119844411070503,0.0,0.3324947589098536,0.015292922612774948
ablation,S12_19761114,S12,ablation,dropout,large,1,3600.0,220602,244451,NoPhaseTemplate,1.1763870278783524,0.26269122717611126,4.241434827040673,3.4148427672955974,52.67519452907254,0.9994863337547263,27.341651576326502,0.015938283932699342,0.1939622641509437,0.11082897341617916,0.19492464693799313,0.0047420681643363105,0.0,0.1939622641509437,0.012086230898829943
ablation,S12_19761114,S12,ablation,dropout,large,1,3600.0,220602,244451,NoTrendAlign,1.2499770186606842,0.2654941184439277,4.506761749583091,3.451278825995807,52.14815849825274,0.9990983270773288,26.376748166377897,0.01468381324651302,0.27031446540880516,0.2045259864164834,0.27124069737258094,0.009914009084957875,0.0,0.27031446540880516,0.017271135055319395
ablation,S12_19761114,S12,ablation,dropout,large,1,3600.0,220602,244451,NoSeamBlend,1.2533257428184608,0.26680686498708217,4.518835493115065,3.468343815513627,52.124919866265785,0.9991562698292161,26.509000025329506,0.015248055249266191,0.38314465408805065,0.1958203577099059,0.3854054448772446,0.010105727993406644,0.0,0.38314465408805065,0.015785618684758793
ablation,S12_19761114,S12,ablation,dropout,large,1,3600.0,220602,244451,LinearFusion,1.2544755654919357,0.2666391430700207,4.5229811508081745,3.466163522012579,52.11695493418613,0.9992872399189594,26.651946334183936,0.01497766563383005,0.4220545073375263,0.18126375179630994,0.42432389263587145,0.010895521473735736,0.0,0.4220545073375263,0.013406103102440862
