case,start,stop,length,d_left,d_right,jump_left,jump_right,jump_max,d_max
C1,21918,21967,50,0.0,1.0,0.0,1.1345633708778229,1.1345633708778229,1.0
C1,21971,21971,1,0.0,0.0,0.0,0.0,0.0,0.0
C1,21976,21982,7,1.0,0.0,2.0083160441885317,0.0,2.0083160441885317,1.0
C1,21985,21988,4,1.0,0.0,1.4334284011154526,0.0,1.4334284011154526,1.0
C1,21991,21991,1,0.0,1.0,0.0,1.7392527130951396,1.7392527130951396,1.0
C1,21993,22004,12,0.0,1.0,0.0,2.3334523777751977,2.3334523777751977,1.0
C1,22014,22016,3,0.0,0.0,0.0,0.0,0.0,0.0
C1,22023,22024,2,1.0,1.0,1.6928642809586558,2.3334523777751977,2.3334523777751977,1.0
C1,22026,22026,1,0.0,1.0,0.0,2.245365597653354,2.245365597653354,1.0
C1,22028,22028,1,1.0,0.0,1.6928642809586558,0.0,1.6928642809586558,1.0
C1,22030,22031,2,1.0,1.0,1.9180860392233239,2.02335982020154,2.02335982020154,1.0
C1,22034,22045,12,1.0,1.0,2.1759555621426308,1.7689856826030832,2.1759555621426308,1.0
C1,22050,22056,7,1.0,1.0,2.78900904078355,1.7063893769828329,2.78900904078355,1.0
C1,22060,22060,1,1.0,1.0,2.245365597653354,1.8622977383740928,2.245365597653354,1.0
C1,22062,22062,1,0.0,1.0,0.0,1.6928642808880587,1.6928642808880587,1.0
C1,22064,22065,2,1.0,0.0,2.245365597653354,0.0,2.245365597653354,1.0
C1,22067,22070,4,1.0,0.0,1.8622977383740928,0.0,1.8622977383740928,1.0
C1,22072,22075,4,1.0,1.0,1.7689856826030832,1.562595288529638,1.7689856826030832,1.0
C1,22082,22085,4,0.0,0.0,0.0,0.0,0.0,0.0
C1,22088,22088,1,1.0,1.0,1.6667516985644828,1.1111677990330062,1.6667516985644828,1.0
C1,22092,22093,2,1.0,1.0,1.7689856826030832,1.044596747437262,1.7689856826030832,1.0
C1,22095,22095,1,1.0,0.0,1.7949633677440806,0.0,1.7949633677440806,1.0
C1,22098,22099,2,0.0,1.0,0.0,1.095143464135601,1.095143464135601,1.0
C1,22103,22105,3,1.0,0.0,1.8622977383740928,0.0,1.8622977383740928,1.0
C1,22111,22116,6,1.0,0.0,1.4969103983989618,0.0,1.4969103983989618,1.0
C1,22118,22122,5,0.0,1.0,0.0,1.5988552242663419,1.5988552242663419,1.0
C1,22124,22130,7,1.0,1.0,1.0879777810900557,0.005330559018799397,1.0879777810900557,1.0
C1,22132,22134,3,0.0,0.0,0.0,0.0,0.0,0.0
C1,22138,22139,2,1.0,0.0,1.1061625132035062,0.0,1.1061625132035062,1.0
C1,22141,22143,3,1.0,1.0,1.129236752854848,0.004461002014143159,1.129236752854848,1.0
C1,22146,22148,3,0.0,1.0,0.0,0.005087927308438974,0.005087927308438974,1.0
C1,22153,45604,23452,1.0,0.0,1.484740193260846,0.0,1.484740193260846,1.0
C1,45606,45606,1,1.0,1.0,0.012765056771967214,1.1496094735597504,1.1496094735597504,1.0
C1,45608,45608,1,1.0,0.0,0.007611609247670059,0.0,0.007611609247670059,1.0
C1,45610,45616,7,1.0,0.0,0.0061001920004309694,0.0,0.0061001920004309694,1.0
C1,45620,45620,1,1.0,1.0,0.004385586258294914,1.5221764932099573,1.5221764932099573,1.0
C1,45622,45627,6,0.0,0.0,0.0,0.0,0.0,0.0
C1,45630,45635,6,1.0,1.0,0.005093936663526656,1.794963367575768,1.794963367575768,1.0
C1,45637,45637,1,0.0,1.0,0.0,1.8622977382801058,1.8622977382801058,1.0
C1,45641,45641,1,1.0,1.0,1.155231069308337,1.6667516985644828,1.6667516985644828,1.0
C1,45643,45650,8,1.0,1.0,1.1510071755985165,1.827700959538512,1.827700959538512,1.0
C1,45652,45652,1,0.0,1.0,0.0,1.7344414930098557,1.7344414930098557,1.0
C1,45654,45656,3,1.0,1.0,1.5221764932099573,1.3003821702949863,1.5221764932099573,1.0
C1,45663,45663,1,0.0,0.0,0.0,0.0,0.0,0.0
C1,45666,45669,4,0.0,1.0,0.0,1.321057268884945,1.321057268884945,1.0
C1,45674,45674,1,1.0,1.0,1.6928642809586558,1.321057268884945,1.6928642809586558,1.0
C1,45676,45680,5,0.0,2.0,0.0,2.456265660936222,2.456265660936222,2.0
C1,45682,45683,2,1.0,0.0,1.827700959538512,0.0,1.827700959538512,1.0
C1,45686,45702,17,1.0,1.0,1.7344414930098557,1.8277009596273577,1.8277009596273577,1.0
C1,45705,45712,8,1.0,0.0,1.2825814226495398,0.0,1.2825814226495398,1.0
C1,45715,45719,5,1.0,2.0,1.228132830468111,5.284229075002988,5.284229075002988,2.0
C1,45721,45721,1,1.0,1.0,1.3003821702949863,2.369261923626917,2.369261923626917,1.0
C1,45725,45727,3,1.0,1.0,1.7344414930098557,2.095502095553802,2.095502095553802,1.0
C1,45733,45735,3,0.0,0.0,0.0,0.0,0.0,0.0
C1,45737,45741,5,1.0,1.0,1.9445436481374387,2.369261923626917,2.369261923626917,1.0
C1,45743,45750,8,1.0,1.0,2.2992189470752824,2.214814982030323,2.2992189470752824,1.0
C1,45752,45752,1,0.0,1.0,0.0,2.4461227450751215,2.4461227450751215,1.0
C1,45757,45759,3,1.0,0.0,2.369261923626917,0.0,2.369261923626917,1.0
C1,45765,45770,6,1.0,1.0,2.095502095553802,2.7890090404678536,2.7890090404678536,1.0
C1,45773,45773,1,1.0,1.0,2.369261923626917,2.3334523779600893,2.369261923626917,1.0
C1,45778,45781,4,0.0,1.0,0.0,2.095502095553802,2.095502095553802,1.0
C1,45787,45788,2,0.0,0.0,0.0,0.0,0.0,0.0
C1,45792,45792,1,1.0,1.0,2.592724864405172,1.8622977382801058,2.592724864405172,1.0
C1,45794,45795,2,1.0,1.0,2.7890090404678536,1.6418113638030754,2.7890090404678536,1.0
C1,45797,45797,1,1.0,1.0,2.7890090404678536,1.6418113638030754,2.7890090404678536,1.0
C1,45799,45811,13,1.0,1.0,2.592724864405172,1.5988552243258187,2.592724864405172,1.0
C1,45813,45813,1,1.0,1.0,2.095502095553802,1.5319865399605819,2.095502095553802,1.0
C1,45817,45817,1,0.0,1.0,0.0,1.562595288529638,1.562595288529638,1.0
C1,45821,45823,3,1.0,1.0,1.8622977382801058,1.6667516985644828,1.8622977382801058,1.0
C1,45825,45825,1,2.0,1.0,3.7245954765602116,1.6102351202864151,3.7245954765602116,2.0
C1,45828,45835,8,0.0,1.0,0.0,1.204989626496145,1.204989626496145,1.0
C1,45838,45840,3,0.0,0.0,0.0,0.0,0.0,0.0
C1,45842,45853,12,1.0,1.0,1.6667516985644828,0.7817359599730995,1.6667516985644828,1.0
C1,45855,45855,1,1.0,1.0,1.6667516985644828,0.768481614176853,1.6667516985644828,1.0
C1,45858,45858,1,0.0,1.0,0.0,0.7401261516201652,0.7401261516201652,1.0
C1,45860,45860,1,1.0,1.0,1.6418113638030754,0.7446345759755869,1.6418113638030754,1.0
C1,45862,45864,3,1.0,1.0,1.6541405334902528,0.7416198487106455,1.6541405334902528,1.0
C1,45871,45878,8,0.0,0.0,0.0,0.0,0.0,0.0
C1,45881,45895,15,0.0,0.0,0.0,0.0,0.0,0.0
C1,45899,45899,1,1.0,0.0,0.7356986374171699,0.0,0.7356986374171699,1.0
C1,45902,45926,25,0.0,0.0,0.0,0.0,0.0,0.0
C1,45931,45939,9,0.0,0.0,0.0,0.0,0.0,0.0
C1,45942,45950,9,0.0,0.0,0.0,0.0,0.0,0.0
C1,45955,45965,11,0.0,0.0,0.0,0.0,0.0,0.0
C1,53229,53237,9,0.0,0.0,0.0,0.0,0.0,0.0
C1,53241,53242,2,0.0,0.0,0.0,0.0,0.0,0.0
C1,53244,53251,8,0.0,0.0,0.0,0.0,0.0,0.0
C1,53259,53259,1,0.0,1.0,0.0,1.111167798993077,1.111167798993077,1.0
C1,53261,53268,8,0.0,0.0,0.0,0.0,0.0,0.0
C1,53271,53271,1,0.0,0.0,0.0,0.0,0.0,0.0
C1,53273,53282,10,1.0,0.0,0.9055551449092992,0.0,0.9055551449092992,1.0
C1,53290,53298,9,1.0,1.0,1.1074074911139742,2.4461227450751215,2.4461227450751215,1.0
C1,53301,53307,7,1.0,1.0,1.2098386989038739,1.8622977383740928,1.8622977383740928,1.0
C1,53312,53312,1,1.0,1.0,1.562595288585159,1.7392527131717006,1.7392527131717006,1.0
C1,53320,53325,6,1.0,1.0,2.046573120835797,1.484740193165588,2.046573120835797,1.0
C1,53327,53327,1,0.0,0.0,0.0,0.0,0.0,0.0
C1,53329,53334,6,1.0,0.0,2.642114537501494,0.0,2.642114537501494,1.0
C1,53337,53339,3,0.0,1.0,0.0,0.963940292424899,0.963940292424899,1.0
C1,53342,53357,16,0.0,0.0,0.0,0.0,0.0,0.0
C1,53359,53360,2,1.0,1.0,1.484740193165588,0.6972522601514927,1.484740193165588,1.0
C1,53363,53378,16,0.0,0.0,0.0,0.0,0.0,0.0
C1,53380,53392,13,1.0,0.0,0.7799871077511206,0.0,0.7799871077511206,1.0
C1,53399,53399,1,1.0,1.0,0.7140248319790438,0.6422616289316209,0.7140248319790438,1.0
C1,53401,53407,7,0.0,1.0,0.0,0.6610585411787139,0.6610585411787139,1.0
C1,53409,53414,6,0.0,0.0,0.0,0.0,0.0,0.0
C1,53416,53420,5,1.0,0.0,0.8003675626276955,0.0,0.8003675626276955,1.0
C1,53422,53429,8,0.0,0.0,0.0,0.0,0.0,0.0
C1,53431,53432,2,0.0,0.0,0.0,0.0,0.0,0.0
C1,53437,53444,8,1.0,2.0,0.6334451542517773,2.299218947207937,2.299218947207937,2.0
C1,53446,53449,4,0.0,0.0,0.0,0.0,0.0,0.0
C1,53451,53460,10,0.0,0.0,0.0,0.0,0.0,0.0
C1,53462,53462,1,1.0,0.0,0.8636494722678183,0.0,0.8636494722678183,1.0
C1,53464,53464,1,1.0,0.0,0.8589556903756722,0.0,0.8589556903756722,1.0
C1,53469,53477,9,1.0,0.0,0.963940292424899,0.0,0.963940292424899,1.0
C1,53480,53480,1,1.0,1.0,1.1755763247869844,1.81659021243206,1.81659021243206,1.0
C1,53482,53487,6,1.0,1.0,1.2384679313160534,1.7344414930098557,1.7344414930098557,1.0
C1,53489,53489,1,0.0,0.0,0.0,0.0,0.0,0.0
C1,53491,53493,3,1.0,1.0,1.6583123951535683,1.7539302112971207,1.7539302112971207,1.0
C1,53501,53503,3,1.0,0.0,2.175955562442478,0.0,2.175955562442478,1.0
C1,53505,53505,1,1.0,1.0,1.9180860392233239,1.394504520273389,1.9180860392233239,1.0
C1,53508,53512,5,1.0,1.0,1.81659021243206,1.321057268918494,1.81659021243206,1.0
C1,53515,53518,4,0.0,0.0,0.0,0.0,0.0,0.0
C1,53520,53525,6,1.0,0.0,1.7344414930098557,0.0,1.7344414930098557,1.0
C1,53527,53530,4,1.0,1.0,1.7539302112971207,1.2562885295765642,1.7539302112971207,1.0
C1,53532,53546,15,1.0,0.0,1.562595288529638,0.0,1.562595288529638,1.0
C1,53548,53555,8,1.0,1.0,1.3003821702949863,0.024189830152950013,1.3003821702949863,1.0
C1,53557,53560,4,1.0,1.0,1.184630961716691,0.02510685660668543,1.184630961716691,1.0
C1,53562,53566,5,0.0,1.0,0.0,0.024742956991817073,0.024742956991817073,1.0
C1,53569,53569,1,1.0,0.0,1.223061372484314,0.0,1.223061372484314,1.0
C1,53571,53571,1,0.0,1.0,0.0,0.027677999878892662,0.027677999878892662,1.0
C1,53575,54323,749,0.0,0.0,0.0,0.0,0.0,0.0
C1,54325,54331,7,0.0,0.0,0.0,0.0,0.0,0.0
C1,54333,54346,14,0.0,1.0,0.0,0.6092336531827947,0.6092336531827947,1.0
C1,54348,54360,13,2.0,0.0,0.6400230388940892,0.0,0.6400230388940892,2.0
C1,54362,54382,21,1.0,0.0,0.3603169801439376,0.0,0.3603169801439376,1.0
C1,54384,54390,7,1.0,1.0,0.7292038681016945,1.5951152070077257,1.5951152070077257,1.0
C1,54392,54393,2,1.0,1.0,1.0684144485838967,1.4969103983989618,1.4969103983989618,1.0
C1,54395,54405,11,1.0,0.0,1.1074074910942115,0.0,1.1074074910942115,1.0
C1,54410,54418,9,1.0,1.0,1.9180860392233239,1.0573882045970455,1.9180860392233239,1.0
C1,54422,54422,1,0.0,1.0,0.0,1.03940230078996,1.03940230078996,1.0
C1,54425,54432,8,1.0,1.0,1.5419887345884373,0.9843074773401884,1.5419887345884373,1.0
C1,54434,54437,4,1.0,1.0,1.3189452654864864,0.9566222088180236,1.3189452654864864,1.0
C1,54440,54446,7,2.0,1.0,2.4769358626321067,1.0213243599659698,2.4769358626321067,2.0
C1,54449,54450,2,1.0,2.0,1.1496094735818594,2.13459255022683,2.13459255022683,2.0
C1,54452,54463,12,0.0,0.0,0.0,0.0,0.0,0.0
C1,54465,54467,3,0.0,1.0,0.0,1.5254255396112695,1.5254255396112695,1.0
C1,54469,54476,8,1.0,0.0,0.9502552681483708,0.0,0.9502552681483708,1.0
C1,54478,54482,5,1.0,0.0,0.9843074773401884,0.0,0.9843074773401884,1.0
C1,54484,54487,4,1.0,1.0,1.067296275113415,2.121320343436165,2.121320343436165,1.0
C1,54489,54490,2,1.0,1.0,1.1149666743795996,2.0233598203220824,2.0233598203220824,1.0
C1,54493,54514,22,0.0,1.0,0.0,2.121320343436165,2.121320343436165,1.0
C1,54522,54530,9,1.0,1.0,2.07880460157992,2.1759555621426308,2.1759555621426308,1.0
C1,54533,54534,2,1.0,1.0,2.121320343436165,2.07880460157992,2.121320343436165,1.0
C1,54537,54544,8,1.0,1.0,2.121320343436165,0.01923636851552798,2.121320343436165,1.0
C1,54552,54558,7,1.0,2.0,2.046573120586319,0.01076349679456446,2.046573120586319,2.0
C1,54560,54560,1,0.0,1.0,0.0,0.004722172159587865,0.004722172159587865,1.0
C1,54563,54563,1,0.0,0.0,0.0,0.0,0.0,0.0
C1,54565,54565,1,1.0,0.0,2.121320343436165,0.0,2.121320343436165,1.0
C1,54567,54570,4,1.0,0.0,2.07880460157992,0.0,2.07880460157992,1.0
C1,54573,55474,902,0.0,1.0,0.0,0.9843074773540659,0.9843074773540659,1.0
C1,55476,55488,13,1.0,0.0,1.2787240261717023,0.0,1.2787240261717023,1.0
C1,55491,55503,13,0.0,0.0,0.0,0.0,0.0,0.0
C1,55508,55520,13,0.0,0.0,0.0,0.0,0.0,0.0
C1,55525,55538,14,0.0,1.0,0.0,1.3970013969961936,1.3970013969961936,1.0
C1,55540,55549,10,0.0,0.0,0.0,0.0,0.0,0.0
C1,55552,55552,1,1.0,0.0,0.9922848858934299,0.0,0.9922848858934299,1.0
C1,55557,55566,10,1.0,1.0,1.0332700802973513,2.2453655973238873,2.2453655973238873,1.0
C1,55572,55580,9,1.0,1.0,1.3970013969961936,2.1759555622925544,2.1759555622925544,1.0
C1,55582,55583,2,1.0,0.0,2.1759555621426308,0.0,2.1759555621426308,1.0
C1,55586,55586,1,0.0,1.0,0.0,2.446122744862134,2.446122744862134,1.0
C1,55589,55595,7,0.0,1.0,0.0,1.827700959538512,1.827700959538512,1.0
C1,55599,55600,2,1.0,1.0,2.3334523779600893,1.8803495115889124,2.3334523779600893,1.0
C1,55602,55609,8,0.0,1.0,0.0,1.794963367575768,1.794963367575768,1.0
C1,55611,55615,5,1.0,1.0,2.1759555622925544,1.850548108518735,2.1759555622925544,1.0
C1,55617,55617,1,0.0,0.0,0.0,0.0,0.0,0.0
C1,55619,55621,3,1.0,1.0,2.3334523779600893,2.02335982020154,2.3334523779600893,1.0
C1,55623,55626,4,0.0,1.0,0.0,2.121320343575077,2.121320343575077,1.0
C1,55628,55629,2,1.0,1.0,1.850548108518735,2.1759555621426308,2.1759555621426308,1.0
C1,55632,55633,2,1.0,1.0,1.8803495115889124,2.121320343575077,2.121320343575077,1.0
C1,55635,55635,1,1.0,1.0,1.850548108518735,2.07880460157992,2.07880460157992,1.0
C1,55637,55637,1,1.0,1.0,1.827700959538512,2.07880460157992,2.07880460157992,1.0
C1,55640,55641,2,0.0,0.0,0.0,0.0,0.0,0.0
C1,55647,55648,2,0.0,0.0,0.0,0.0,0.0,0.0
C1,55650,55650,1,1.0,1.0,1.8803495115889124,1.3726190458731766,1.8803495115889124,1.0
C1,55654,55654,1,0.0,1.0,0.0,1.3449795908048214,1.3449795908048214,1.0
C1,55656,55656,1,1.0,0.0,1.965121402840621,0.0,1.965121402840621,1.0
C1,55659,55659,1,1.0,1.0,2.121320343575077,1.321057268884945,2.121320343575077,1.0
C1,55663,55667,5,0.0,1.0,0.0,1.4361406616136085,1.4361406616136085,1.0
C1,55671,55674,4,0.0,0.0,0.0,0.0,0.0,0.0
C1,55676,55681,6,0.0,0.0,0.0,0.0,0.0,0.0
C1,55684,55696,13,1.0,0.0,1.3726190458731766,0.0,1.3726190458731766,1.0
C1,55698,55698,1,0.0,1.0,0.0,2.78900904078355,2.78900904078355,1.0
C1,55700,55701,2,1.0,1.0,1.394504520352313,2.2148149823465233,2.2148149823465233,1.0
C1,55704,55708,5,1.0,1.0,1.4361406616136085,1.5221764932099573,1.5221764932099573,1.0
C1,55710,55711,2,1.0,2.0,1.5625952886406806,2.3452078799245126,2.3452078799245126,2.0
C1,55715,55718,4,2.0,1.0,3.507860422908305,0.9378936976189155,3.507860422908305,2.0
C1,55721,55728,8,1.0,1.0,2.185478389028855,0.8403723465908537,2.185478389028855,1.0
C1,55730,55732,3,1.0,0.0,2.4461227450751215,0.0,2.4461227450751215,1.0
C1,55735,55736,2,0.0,0.0,0.0,0.0,0.0,0.0
C1,55738,55761,24,1.0,1.0,1.441611693519938,0.992284885879212,1.441611693519938,1.0
C1,55763,55768,6,0.0,0.0,0.0,0.0,0.0,0.0
C1,55770,55771,2,0.0,1.0,0.0,1.204989626496145,1.204989626496145,1.0
C1,55773,55784,12,1.0,0.0,0.7893020408318027,0.0,0.7893020408318027,1.0
C1,55787,55787,1,0.0,1.0,0.0,1.284523257878663,1.284523257878663,1.0
C1,55789,55790,2,1.0,1.0,0.9590430196373341,1.3274546780198022,1.3274546780198022,1.0
C1,55793,55799,7,0.0,1.0,0.0,1.441611693519938,1.441611693519938,1.0
C1,55801,55803,3,1.0,2.0,1.155231069308337,2.6378905311065277,2.6378905311065277,2.0
C1,55807,55809,3,0.0,1.0,0.0,1.3274546780198022,1.3274546780198022,1.0
C1,55812,55816,5,0.0,1.0,0.0,1.1755763247869844,1.1755763247869844,1.0
C1,55818,55819,2,0.0,1.0,0.0,1.2247448714005003,1.2247448714005003,1.0
C1,55821,55821,1,1.0,0.0,1.284523257878663,0.0,1.284523257878663,1.0
C1,55823,55825,3,0.0,0.0,0.0,0.0,0.0,0.0
C1,55828,55837,10,0.0,1.0,0.0,1.4361406616136085,1.4361406616136085,1.0
C1,55840,55849,10,1.0,1.0,1.394504520273389,1.6541405335561155,1.6541405335561155,1.0
C1,55852,55852,1,1.0,1.0,1.1986139753094038,1.562595288529638,1.562595288529638,1.0
C1,55855,55866,12,1.0,0.0,1.2884335355980914,0.0,1.2884335355980914,1.0
C1,55868,55869,2,1.0,0.0,1.394504520352313,0.0,1.394504520352313,1.0
C1,55871,55873,3,1.0,1.0,1.4361406616136085,0.9311488691752979,1.4361406616136085,1.0
C1,55877,55882,6,0.0,0.0,0.0,0.0,0.0,0.0
C1,55884,55888,5,1.0,1.0,1.6541405335561155,0.8981462390218057,1.6541405335561155,1.0
C1,55890,55896,7,0.0,0.0,0.0,0.0,0.0,0.0
C1,55898,55901,4,0.0,1.0,0.0,0.9816907935409466,0.9816907935409466,1.0
C1,55904,55911,8,0.0,1.0,0.0,1.0844472868469297,1.0844472868469297,1.0
C1,55914,55914,1,1.0,1.0,0.885766409708295,1.0116799101309057,1.0116799101309057,1.0
C1,55917,55923,7,0.0,0.0,0.0,0.0,0.0,0.0
C1,55925,55925,1,1.0,1.0,0.8807048459232965,1.184630961692499,1.184630961692499,1.0
C1,55930,55930,1,0.0,1.0,0.0,1.261786536272386,1.261786536272386,1.0
C1,55932,55936,5,2.0,1.0,1.9278805848758658,1.3970013969961936,1.9278805848758658,2.0
C1,55939,55943,5,1.0,0.0,1.0004594532717959,0.0,1.0004594532717959,1.0
C1,55945,55947,3,0.0,0.0,0.0,0.0,0.0,0.0
C1,55950,55950,1,0.0,0.0,0.0,0.0,0.0,0.0
C1,55952,55957,6,1.0,1.0,1.0332700802973513,1.6667516984971027,1.6667516984971027,1.0
C1,55959,55960,2,0.0,0.0,0.0,0.0,0.0,0.0
C1,55962,55968,7,1.0,1.0,1.228132830495067,1.595115206889605,1.595115206889605,1.0
C1,55970,55971,2,0.0,0.0,0.0,0.0,0.0,0.0
C1,55973,55977,5,1.0,1.0,1.4253829021757318,1.484740193165588,1.484740193165588,1.0
C1,55979,55979,1,1.0,1.0,1.5352989471351355,1.4045732756948386,1.5352989471351355,1.0
C1,55982,55982,1,1.0,0.0,1.6102351202864151,0.0,1.6102351202864151,1.0
C1,55985,55994,10,1.0,1.0,1.6418113638030754,1.276808333653567,1.6418113638030754,1.0
C1,55997,55998,2,0.0,1.0,0.0,1.276808333653567,1.276808333653567,1.0
C1,56000,56005,6,1.0,1.0,1.595115206889605,1.184630961716691,1.595115206889605,1.0
C1,56007,56012,6,1.0,0.0,1.562595288585159,0.0,1.562595288585159,1.0
C1,56015,56015,1,2.0,1.0,2.883223387039876,1.017433586366885,2.883223387039876,2.0
C1,56019,56019,1,1.0,1.0,1.358588499813579,1.0684144486016445,1.358588499813579,1.0
C1,56021,56021,1,0.0,2.0,0.0,2.150396201086852,2.150396201086852,2.0
C1,56023,56030,8,1.0,1.0,1.3189452655532639,1.0322585576958494,1.3189452655532639,1.0
C1,56032,56038,7,1.0,1.0,1.276808333653567,1.0844472868469297,1.276808333653567,1.0
C1,56042,56042,1,1.0,1.0,1.1510071755985165,1.1667261889338219,1.1667261889338219,1.0
C1,56045,56050,6,0.0,2.0,0.0,2.553616667307134,2.553616667307134,2.0
C1,56052,56057,6,0.0,1.0,0.0,1.261786536272386,1.261786536272386,1.0
C1,56059,56061,3,0.0,1.0,0.0,1.3274546780198022,1.3274546780198022,1.0
C1,56064,56067,4,0.0,1.0,0.0,1.276808333653567,1.276808333653567,1.0
C1,56069,56075,7,1.0,2.0,1.1213856489279284,2.6549093560396044,2.6549093560396044,2.0
C1,56079,56079,1,0.0,1.0,0.0,1.1496094736039686,1.1496094736039686,1.0
C1,56081,56081,1,1.0,0.0,1.2384679313160534,0.0,1.2384679313160534,1.0
C1,56083,56086,4,1.0,1.0,1.276808333653567,0.992284885879212,1.276808333653567,1.0
C1,56088,56088,1,0.0,0.0,0.0,0.0,0.0,0.0
C1,56090,56098,9,0.0,1.0,0.0,0.9748137155782355,0.9748137155782355,1.0
C1,56101,56101,1,1.0,0.0,1.276808333653567,0.0,1.276808333653567,1.0
C1,56103,56106,4,1.0,1.0,1.2562885295765642,0.9816907935684809,1.2562885295765642,1.0
C1,56108,56110,3,0.0,1.0,0.0,1.017433586366885,1.017433586366885,1.0
C1,56112,56120,9,0.0,0.0,0.0,0.0,0.0,0.0
C1,56123,56130,8,0.0,1.0,0.0,1.5951152070077257,1.5951152070077257,1.0
C1,56134,56141,8,1.0,1.0,0.9748137155782355,1.7344414930098557,1.7344414930098557,1.0
C1,56145,56145,1,1.0,1.0,1.0322585577118555,1.5419887345884373,1.5419887345884373,1.0
C1,56150,56150,1,1.0,0.0,1.2544717701281212,0.0,1.2544717701281212,1.0
C1,56152,56154,3,0.0,1.0,0.0,1.5352989471351355,1.5352989471351355,1.0
C1,56156,56158,3,0.0,0.0,0.0,0.0,0.0,0.0
C1,56162,56170,9,0.0,0.0,0.0,0.0,0.0,0.0
C1,56174,56181,8,0.0,0.0,0.0,0.0,0.0,0.0
C1,56183,56199,17,0.0,0.0,0.0,0.0,0.0,0.0
C1,56204,56211,8,0.0,0.0,0.0,0.0,0.0,0.0
C1,124777,124780,4,2.3999999999999773,2.3999999999999773,2.3134567018197356,0.6834700924636372,2.3134567018197356,2.3999999999999773
C1,194797,194800,4,0.19999999999998863,0.19999999999998863,0.2576867071196036,0.2916815472316333,0.2916815472316333,0.19999999999998863
