gap_sec,s,e,method,rmse_anom,wasserstein,acf_l2,envelope,spec_ent,psd_cos,runtime_s
60,1800,2399,Linear,38.49397791139006,29.34411957679456,0.5225759418390183,22.26875584328482,0.3257198261052405,0.9999999906337588,0.004001799999969
60,1800,2399,CubicSpline,36.91866194413736,28.588063704947693,0.4293851400985238,20.529344316058104,0.2547753937647778,0.9999999933570304,0.0031487999949604
60,1800,2399,FFT,29.612855466323285,2.635424261022517,0.1787856250285772,2.2061933906496702,0.0308661082200276,0.9999999978236443,0.3076278000080492
60,1800,2399,SSA,36.00050660781752,26.77706771104961,0.4986088448466459,19.654532513199644,0.1401106970928802,0.9999999931733315,2.692120399995474
60,1800,2399,UNet,40.76732793602449,34.056268703070714,0.2394468571909618,26.01715618778712,0.0560829544960694,0.9999999895083008,4.340563100005966
60,1800,2399,DSSRR,32.176901471224966,7.391709637883484,0.2653245847903775,7.392933372976038,0.0308800818928619,0.9999999966914416,0.0208826000161934
60,95600,96199,Linear,118.78977975027492,87.66791742712732,0.5389333574128475,122.13118352024686,0.3422846241762691,0.9999991880588625,0.0069832000008318
60,95600,96199,CubicSpline,118.67786674162468,91.3035379751877,0.4273122713349147,122.91167833132724,0.256771020924768,0.9999991883600876,0.0019552000158
60,95600,96199,FFT,185.27963313013043,18.23764507809745,0.2215704350292447,20.23066923882181,0.0654657699817436,0.999998028816802,0.288875000027474
60,95600,96199,SSA,115.41826430351423,86.4939611186457,0.204062616324665,121.55731159910458,0.0164641122453975,0.9999991914058944,2.663714700000128
60,95600,96199,UNet,122.40777447121572,85.38344731889012,0.1943463848107662,113.57962691084812,0.0834883564039409,0.9999992364546284,0.042270300007658
60,95600,96199,DSSRR,161.40546982406383,15.27406561597026,0.1500930951064739,9.88312743558003,0.065533662457374,0.9999987771853244,0.0168569000088609
60,570800,571399,Linear,156.6617013682457,62.836077498464384,0.5798701554075854,61.79112805880952,0.3070503988133547,0.9999976420619412,0.0052306999859865
60,570800,571399,CubicSpline,187.4866882079532,120.17786631868326,0.5630995938495018,35.73893088999202,0.2809241077289849,0.9999931547502514,0.0020936999935656
60,570800,571399,FFT,162.0739002878737,12.275413367416604,0.3300656943198103,8.484315361076845,0.0309869207241083,0.9999975879387346,0.2979800000030081
60,570800,571399,SSA,122.38278376377868,78.3212198391801,0.3108240098657259,122.85780022396136,0.0268036777076842,0.9999987542720212,2.5133466999977827
60,570800,571399,UNet,123.61507889878926,79.93904176602092,0.4724755945061307,87.7622561736713,0.1019006843481252,0.9999988046777114,0.0260820999974384
60,570800,571399,DSSRR,195.1493831710964,5.038704067364661,0.3075193574215634,11.417015998659748,0.1097917233994971,0.9999978833285306,0.0228008000121917
60,584600,585199,Linear,154.13004127979715,124.9947115173079,0.5370376554636733,51.18553980222859,0.348443328250951,0.9999989036353848,0.0055381999991368
60,584600,585199,CubicSpline,154.22462933968814,124.33855096332675,0.5652592017417988,49.46231595655999,0.3258306809193341,0.999998901600872,0.0016649999888613
60,584600,585199,FFT,149.4975270447834,16.543819732826535,0.2123340987292318,21.412781704885266,0.0284464174184564,0.9999991173568196,0.2925690999836661
60,584600,585199,SSA,119.93168852424746,91.6146711482714,0.2475073818647921,62.818508313351046,0.0562746228287737,0.9999995382726627,2.581930199987255
60,584600,585199,UNet,115.45448778818825,83.86415643934129,0.2482431344198985,120.23461062133433,0.0829007088952268,0.9999995170321992,0.0243745000043418
60,584600,585199,DSSRR,151.41576609648408,29.75572250837548,0.2260511713702044,17.53592508195166,0.0416933940037717,0.9999990561261998,0.0185623999859672
60,785800,786399,Linear,128.2784978569633,69.61908513038298,0.5829027582393408,92.31794429685996,0.3120334248350317,0.9999978889150324,0.0055659000063315
60,785800,786399,CubicSpline,142.39131530745516,91.51949861234952,0.5732317937417849,76.4444594771007,0.2940823147699778,0.9999974069819204,0.0024413999926764
60,785800,786399,FFT,130.25308171210207,10.772428446254418,0.275117898328586,10.677342425573158,0.038273114146459,0.9999975455496246,0.2748518000007607
60,785800,786399,SSA,108.38759112409976,82.06373933312446,0.2996174229179397,125.67393002183506,0.0361417394548946,0.9999981718393708,3.7520730000105686
60,785800,786399,UNet,117.89164597716528,56.16885222930902,0.5523945138373556,83.29984721622051,0.1616179484597959,0.9999978778726948,0.0340080999885685
60,785800,786399,DSSRR,148.39062010805256,20.29890301271353,0.2229259524330681,20.10451611762684,0.035975741601008,0.9999966610141746,0.0199243999959435
60,791000,791599,Linear,122.92506195296302,88.15982443077064,0.5391454255740885,131.25674056325596,0.3544911015371412,0.9999990814607108,0.0053007999958936
60,791000,791599,CubicSpline,123.13826804283455,85.44163021415117,0.5653794619421538,128.94274472305258,0.3318784542055244,0.9999990805243758,0.0021322999964468
60,791000,791599,FFT,155.13138679281073,11.326905466307602,0.1469681361095599,16.42645248245898,0.074426971205365,0.9999980278043274,0.2921686999907251
60,791000,791599,SSA,121.60304907550848,86.61634468786306,0.2430318431769286,135.2843885002283,0.0184629297937317,0.9999991054350588,2.8606068000080995
60,791000,791599,UNet,119.94314384794716,89.19403368633144,0.2128645859954668,131.90417115676462,0.0473085555834867,0.9999991473259708,0.0278822999971453
60,791000,791599,DSSRR,215.1546788840198,32.50980975625775,0.3534580967639796,57.36411910710572,0.0379387678847876,0.999996912369778,0.0240686000033747
300,95800,98799,Linear,219.76465895440293,130.60066660251908,0.8818521329849883,60.72723460621519,0.4273400889854553,0.99974364904477,0.0062418000015895
300,95800,98799,CubicSpline,238.08459714075727,130.6005651842699,0.9119459578122432,90.08659607779884,0.4223947658213903,0.9994853689472089,0.0036106000188738
300,95800,98799,FFT,160.89292525134857,16.572787146410956,0.1405604965868656,27.190798286817653,0.0214651371316251,0.9999854698474394,0.0740743000060319
300,95800,98799,SSA,186.4040532626213,113.87386246461996,0.8656580317535879,30.042479978720586,0.2150456049040688,0.9998768586769978,8.019856099999743
300,95800,98799,UNet,142.4063458482592,24.39340534237416,0.8558563275130538,37.78178938956947,0.3452552612184236,0.9999653033121996,0.0575243000057525
300,95800,98799,DSSRR,194.09315038616907,36.55511883189793,0.2320446197423537,50.029419697650646,0.0460305466313334,0.9999769314918237,0.0288670000154525
300,571200,574199,Linear,128.78887123213647,66.68085394584618,0.875237396042679,67.12430655814673,0.4292411412364655,0.9999950544102753,0.0063068000017665
300,571200,574199,CubicSpline,131.75162007149558,61.52202528762789,0.9051971371633328,62.27952361956105,0.4242958180724005,0.9999926410445996,0.0015176000015344
300,571200,574199,FFT,146.05848488346314,12.216412442586767,0.0942214270703153,17.526242938123286,0.0146017347196741,0.9999954001421768,0.0576063999906182
300,571200,574199,SSA,121.5068242924684,74.48573958965632,0.6761960653437104,78.49401106355735,0.1249284874190846,0.9999967817754682,6.802930999983801
300,571200,574199,UNet,119.63489706568647,66.97616755169065,0.8051637527247014,96.31960576607266,0.2938322257604923,0.999996999337924,0.0270004000049084
300,571200,574199,DSSRR,179.2316831752269,11.70740937669814,0.1586305981833632,19.003429475769,0.0260417591208497,0.9999898850713,0.0272592999972403
300,583400,586399,Linear,124.3025378892998,97.94426119858208,0.8731924288410112,56.270879440100536,0.4258441273847233,0.9999959486420944,0.0049304999993182
300,583400,586399,CubicSpline,125.66367701094204,99.76659382283438,0.8408612448052841,55.084460735581374,0.4208650370761047,0.9999957607286312,0.0014652000099886
300,583400,586399,FFT,156.75122511277095,12.062514362653808,0.0770401217894664,18.5164640266816,0.0280327635339518,0.9999933180800128,0.0551328999863471
300,583400,586399,SSA,119.23101938785834,88.33919041289757,0.4359255933715366,51.824346191840085,0.1412630693136227,0.999996147248054,6.907532100012759
300,583400,586399,UNet,106.25523339495103,83.44508953461705,0.2064127416775507,95.78623277196736,0.1239179794999842,0.999997019312988,0.0288463000033516
300,583400,586399,DSSRR,167.80938640305996,21.6523601305133,0.1051455011319084,20.71438374282102,0.0045066105944099,0.9999906188711332,0.0240994000050704
300,782800,785799,Linear,139.65865384127184,15.298915080565902,0.8798985190111022,35.15475172966175,0.4162150973174935,0.999977620605676,0.0055323999840766
300,782800,785799,CubicSpline,159.14382987174315,83.08650431221194,0.8494785519545841,18.85973667052711,0.4114598548713319,0.9999646100283166,0.002761100011412
300,782800,785799,FFT,143.3338033127091,11.28958213364985,0.0977306834050446,7.652936412723118,0.0002719692230104,0.9999949381811204,0.0542032000084873
300,782800,785799,SSA,119.1908680853986,39.29559534914342,0.842008153681129,64.72605047448214,0.1866429860168352,0.999993387884168,6.703150499990443
300,782800,785799,UNet,115.01071808097296,65.70705695154489,0.6964106073691516,95.53945156098526,0.260844586366709,0.9999966356789805,0.0281889999751001
300,782800,785799,DSSRR,180.01097603303,28.458073980603324,0.3128812336467687,40.05220722230809,0.0273760209767724,0.9999723505746178,0.030073000001721
300,790200,793199,Linear,124.6975561257532,97.03342758775364,0.8782909313199826,89.21653052626996,0.4059464552752381,0.9999961601340612,0.0048129000060725
300,790200,793199,CubicSpline,124.70326878133744,96.4084378580086,0.9080347829345916,89.05433283390921,0.401001132111181,0.9999961641436385,0.0023986999876797
300,790200,793199,FFT,163.0851836942078,7.596110989232697,0.0991223516566107,11.82847015974068,0.0022214668703566,0.999991937078483,0.0791720999986864
300,790200,793199,SSA,122.81326121461986,87.45061809223769,0.2715398025309293,89.46599264997712,0.1569544714500067,0.9999962396442402,6.909359899989795
300,790200,793199,UNet,114.59910530026264,75.63159205978486,0.8033030834924629,115.4020710113298,0.09009510611149,0.9999965898031205,0.0296791000000666
300,790200,793199,DSSRR,181.1649001667286,28.0761387433318,0.1766198509123142,42.26453168659313,0.0328361510145246,0.9999873948168588,0.0241033000056631
600,97300,103299,Linear,163.5488252444724,64.50082424897064,0.950494639289996,48.079595782473305,0.4095502352913008,0.9999542977603209,0.0049434999818913
600,97300,103299,CubicSpline,173.597771573661,63.12286010448942,0.9692330836819008,27.227015979974382,0.4076984998119554,0.999922611698542,0.0021582999906968
600,97300,103299,FFT,180.1074439838533,6.883578645883643,0.1014174586339265,8.459943679059753,0.0002219431207799,0.9999826970906018,0.0557846000010613
600,97300,103299,SSA,151.3702041519487,66.80197934206718,0.9234259561241064,61.31383386687013,0.2342621784481453,0.999970046742192,17.366597000014735
600,97300,103299,UNet,130.51759412798893,75.23379463596936,0.9089683890776,112.2591183364753,0.1845332912094116,0.9999869130791398,0.0772421000001486
600,97300,103299,DSSRR,222.0152055058973,33.31889399330158,0.24329333915352,51.32019162921017,0.0848660971863362,0.9999332662416124,0.0346355999936349
600,572700,578699,Linear,125.8063723006966,38.23137847314904,0.943395571033376,68.72006796874481,0.4201826416335953,0.9999876192197924,0.0046682000102009
600,572700,578699,CubicSpline,119.08866346774742,63.74596859747945,0.8629378773712062,98.6079614597852,0.4149088365448946,0.9999896046412132,0.0022876000148244
600,572700,578699,FFT,164.75357710092413,16.6828486190749,0.0897331427051545,10.424619893080326,0.0076275041626351,0.9999845338317308,0.0581057000090368
600,572700,578699,SSA,121.040516906977,45.79733870214968,0.932731284173004,75.61192473651862,0.1502900136677783,0.9999891098276686,19.551316700002644
600,572700,578699,UNet,119.70919029521814,64.70401063151758,0.942740875602036,96.87863989776868,0.1786851158510264,0.9999892330779148,0.0491735000105109
600,572700,578699,DSSRR,163.98920850441635,12.303336334043337,0.1273919277781441,16.601207353861987,0.0044310701340834,0.999984239522948,0.0427711999800521
600,782500,788499,Linear,117.75361054111929,93.63605671630953,0.9444007183143366,135.98141892779356,0.4195953896589835,0.9999892110261108,0.0036358000070322
600,782500,788499,CubicSpline,117.77601491127352,93.96548751397208,0.8638283101322183,135.99558618426954,0.4142988202232904,0.9999892088363656,0.0019035000004805
600,782500,788499,FFT,165.33417376986313,3.45621023275478,0.1155532822177785,6.151122489462769,0.0184079755863905,0.9999823949428858,0.050036500004353
600,782500,788499,SSA,117.06085374050303,91.05573197510074,0.5582228022831165,132.1564141687941,0.1058067931148558,0.9999892018192144,14.91322560000117
600,782500,788499,UNet,115.9005438207214,89.39419419618315,0.3115407584361389,124.83390182428263,0.1455032425446537,0.9999892479327548,0.037015199981397
600,782500,788499,DSSRR,163.58844780618472,5.942230773352147,0.1076127174228214,7.623595847580051,0.0078698515811336,0.99998262478781,0.0445976999762933
600,795900,801899,Linear,123.63146960756332,47.31314737655919,0.9378143177846842,76.04939603286186,0.4080911448241078,0.9999881911188576,0.0040104999789036
600,795900,801899,CubicSpline,130.5734588190345,73.41559588091187,0.9194899481636072,90.34180709712228,0.4070075579240342,0.9999874873155368,0.002260400011437
600,795900,801899,FFT,164.38035006592756,2.9854230481653903,0.0896364710700814,2.732497597098422,0.001224945654672,0.9999891244195124,0.0646199000184424
600,795900,801899,SSA,119.62258814509102,54.69813963212397,0.93921099400173,82.47554829761303,0.1696020666453792,0.9999892176499176,16.608455300010974
600,795900,801899,UNet,121.17165248298252,67.86270395989499,0.9524204844521336,90.90318276211256,0.190651898668928,0.9999873603385288,0.03637789998902
600,795900,801899,DSSRR,195.62954572762885,27.731913862471195,0.1938598029662894,39.99827403256886,0.0717308116064514,0.999961148846806,0.0350541000079829
1800,90900,108899,Linear,166.9645989956493,112.50194330548914,0.9658553572112584,37.89108210409256,0.412735390453836,0.9999626638099632,0.0047594000061508
1800,90900,108899,CubicSpline,202.38957648949383,161.509528323475,0.9589192507554964,35.642704639632456,0.4127304516698963,0.9999576669518184,0.0020172999938949
1800,90900,108899,FFT,180.8888543468597,11.192806123292948,0.0735864949593422,6.718184806466934,0.0189798450907476,0.9999234073531224,0.0639645000046584
1800,90900,108899,SSA,164.5754504338493,110.36660629551824,0.9397133219011852,40.64151374031152,0.1905329686816624,0.9999658688512284,57.6389693999954
1800,90900,108899,UNet,128.95793109620456,70.76589501296941,0.938570410993278,108.02330139362068,0.1478678981276834,0.9999733265971004,0.1042126000102143
1800,90900,108899,DSSRR,187.41783618058523,4.000447436196912,0.0764582473292659,6.313275184065407,0.0046735675277462,0.9999020932639552,1.078725100000156
1800,569700,587699,Linear,122.02960079429954,90.30135795828971,0.9160835251661924,142.32333380156993,0.4213092895062111,0.9999733311173188,0.0052695000194944
1800,569700,587699,CubicSpline,122.459584056215,88.94507268807685,0.923287395254172,140.3454104666175,0.4210261849387785,0.9999732667878064,0.0015552999975625
1800,569700,587699,FFT,172.1551286279985,18.86932463960442,0.2583315835262221,27.49034827223247,0.0075791846731271,0.9999504374016124,0.0523093999945558
1800,569700,587699,SSA,120.94399178407124,89.32047501216505,0.30866933927092,140.42605059452274,0.170908588137982,0.9999736435152072,54.22775489999913
1800,569700,587699,UNet,121.62039768519884,91.76592881997166,0.2720748561047765,144.14090784753336,0.1228166322861934,0.9999725687928708,0.0699803000024985
1800,569700,587699,DSSRR,163.74783090319775,8.369936598159757,0.0941499182446663,10.7582138248881,0.0011658099539477,0.9999587788552828,1.0815056000137702
1800,781900,799899,Linear,175.70610122300928,136.62022434967264,0.9315029722542894,31.83822290845844,0.4158579564481296,0.9999528356537544,0.0056412999983876
1800,781900,799899,CubicSpline,176.05705097293435,137.71838108501714,0.9009515995286445,47.31538221105816,0.4151358839735334,0.9999528505895428,0.0020418999774847
1800,781900,799899,FFT,162.49399603930786,7.0463232668709725,0.1169604206270957,5.017785617403134,0.006658750300888,0.9999528485002804,0.0492544000153429
1800,781900,799899,SSA,172.96154892297497,132.9268200556846,0.8322549846718166,29.59824185408732,0.2146105914678512,0.9999545060012042,56.252418999996735
1800,781900,799899,UNet,117.50192593649554,65.7522100642896,0.9274667558065968,105.51898357895288,0.1328664134868639,0.9999687138161422,0.0782097000046633
1800,781900,799899,DSSRR,199.2367584307513,20.71203753906228,0.1546581931344557,32.737752873659055,0.063741190400375,0.9998169390402334,1.0934982000035234
