experiment,event,station,scenario,anom_type,level,n_segments,total_anom_sec,anom_start,anom_end,method,rmse,mae,rmse_anom,mae_anom,snr_db,psd_cos,amp_rmse,psd_log_rmse,wasserstein,acf_l2,envelope_dist,spec_entropy_err,gap_sec,s,e,runtime_s,earth_wasserstein_30s,earth_acf_l2_30s,earth_envelope,earth_spec_ent
earth,IU_ANMO,ANMO,earth,dropout,60s_r01,1,60.0,1800,2399,Linear,1.014405386668365,0.0213739357772501,38.49397791139006,30.77846751924027,50.25162504560447,0.9999999906337588,240.707398076242,0.0004813933172711,29.34411957679456,0.6213833591168497,22.26875584328482,0.3257198261052405,60,1800,2399,0.004001799999969,29.34411957679456,0.5225759418390183,22.26875584328482,0.3257198261052405
earth,IU_ANMO,ANMO,earth,dropout,60s_r01,1,60.0,1800,2399,CubicSpline,0.9728921659104508,0.0210863965922596,36.91866194413736,30.364411092853963,50.6145618539381,0.9999999933570304,240.60324336380648,0.0003845743474618,28.588063704947693,0.5131350315282622,20.529344316058104,0.2547753937647778,60,1800,2399,0.0031487999949604,28.588063704947693,0.4293851400985238,20.529344316058104,0.2547753937647778
earth,IU_ANMO,ANMO,earth,dropout,60s_r01,1,60.0,1800,2399,FFT,0.7803672607912434,0.0169474097277814,29.612855466323285,24.40427000800531,52.52987516222256,0.9999999978236443,284.8522150334199,0.005476286114052,2.635424261022517,0.1628397666908598,2.2061933906496702,0.0308661082200276,60,1800,2399,0.3076278000080492,2.635424261022517,0.1787856250285772,2.2061933906496702,0.0308661082200276
earth,IU_ANMO,ANMO,earth,dropout,60s_r01,1,60.0,1800,2399,SSA,0.9486966483387124,0.0201371178821997,36.00050660781752,28.99744975036762,50.83330865486985,0.9999999931733315,235.1634247279316,0.0005283209288418,26.77706771104961,0.5841239295994824,19.654532513199644,0.1401106970928802,60,1800,2399,2.692120399995474,26.77706771104961,0.4986088448466459,19.654532513199644,0.1401106970928802
earth,IU_ANMO,ANMO,earth,dropout,60s_r01,1,60.0,1800,2399,UNet,1.074313419973738,0.0245290155590571,40.76732793602449,35.321782405042235,49.75323596344289,0.9999999895083008,244.57194433223367,0.0566636709755929,34.056268703070714,0.2679753362182605,26.01715618778712,0.0560829544960694,60,1800,2399,4.340563100005966,34.056268703070714,0.2394468571909618,26.01715618778712,0.0560829544960694
earth,IU_ANMO,ANMO,earth,dropout,60s_r01,1,60.0,1800,2399,DSSRR,0.8479358057991148,0.0179727511466984,32.176901471224966,25.88076165124578,51.8085964878122,0.9999999966914416,316.0399020665683,0.007018067017951,7.391709637883484,0.282737910978706,7.392933372976038,0.0308800818928619,60,1800,2399,0.0208826000161934,7.391709637883484,0.2653245847903775,7.392933372976038,0.0308800818928619
earth,IU_ANMO,ANMO,earth,dropout,60s_r02,1,60.0,95600,96199,Linear,3.130385556338471,0.0667849825966492,118.78977975027492,96.17037493917496,40.46389935898628,0.9999991880588625,1258.9689193395336,0.0009875044879989,87.66791742712732,0.6426543307628542,122.13118352024686,0.3422846241762691,60,95600,96199,0.0069832000008318,87.66791742712732,0.5389333574128475,122.13118352024686,0.3422846241762691
earth,IU_ANMO,ANMO,earth,dropout,60s_r02,1,60.0,95600,96199,CubicSpline,3.12743638961233,0.0665348801885865,118.67786674162468,95.81022747156464,40.472086277318326,0.9999991883600876,1259.1967670346312,0.0009763369232978,91.3035379751877,0.5058931927787539,122.91167833132724,0.256771020924768,60,95600,96199,0.0019552000158,91.3035379751877,0.4273122713349147,122.91167833132724,0.256771020924768
earth,IU_ANMO,ANMO,earth,dropout,60s_r02,1,60.0,95600,96199,FFT,4.882547039430039,0.1062954134109118,185.27963313013043,153.06539531171313,36.60292725887244,0.999998028816802,1946.3535220019664,0.0173709976150354,18.23764507809745,0.2290928501098687,20.23066923882181,0.0654657699817436,60,95600,96199,0.288875000027474,18.23764507809745,0.2215704350292447,20.23066923882181,0.0654657699817436
earth,IU_ANMO,ANMO,earth,dropout,60s_r02,1,60.0,95600,96199,SSA,3.041538323186771,0.0644320477555177,115.41826430351423,92.78214876794556,40.71399012174503,0.9999991914058944,1228.0454377114247,0.0076328272998815,86.4939611186457,0.2122514830097318,121.55731159910458,0.0164641122453975,60,95600,96199,2.663714700000128,86.4939611186457,0.204062616324665,121.55731159910458,0.0164641122453975
earth,IU_ANMO,ANMO,earth,dropout,60s_r02,1,60.0,95600,96199,UNet,3.2257280886771227,0.0687344651589362,122.40777447121572,98.97762982886825,40.203300861372895,0.9999992364546284,1287.2480048922798,0.0976231027512032,85.38344731889012,0.1965325131009018,113.57962691084812,0.0834883564039409,60,95600,96199,0.042270300007658,85.38344731889012,0.1943463848107662,113.57962691084812,0.0834883564039409
earth,IU_ANMO,ANMO,earth,dropout,60s_r02,1,60.0,95600,96199,DSSRR,4.253407595446821,0.0889476961090669,161.40546982406383,128.0846823970564,37.80111593466301,0.9999987771853244,1571.6514018224336,0.0911704985922994,15.27406561597026,0.1538503636113894,9.88312743558003,0.065533662457374,60,95600,96199,0.0168569000088609,15.27406561597026,0.1500930951064739,9.88312743558003,0.065533662457374
earth,IU_ANMO,ANMO,earth,dropout,60s_r03,1,60.0,570800,571399,Linear,4.1283983203397785,0.0904525188674234,156.6617013682457,130.25162716908983,38.06022412638092,0.9999976420619412,1302.6554053413756,0.0082852070303081,62.836077498464384,0.6923040221731721,61.79112805880952,0.3070503988133547,60,570800,571399,0.0052306999859865,62.836077498464384,0.5798701554075854,61.79112805880952,0.3070503988133547
earth,IU_ANMO,ANMO,earth,dropout,60s_r03,1,60.0,570800,571399,CubicSpline,4.9407080474913725,0.1094833596051749,187.4866882079532,157.65603783145195,36.50007214700085,0.9999931547502514,1305.0965142765797,0.0124071750937524,120.17786631868326,0.6708645512007959,35.73893088999202,0.2809241077289849,60,570800,571399,0.0020936999935656,120.17786631868326,0.5630995938495018,35.73893088999202,0.2809241077289849
earth,IU_ANMO,ANMO,earth,dropout,60s_r03,1,60.0,570800,571399,FFT,4.271022284805837,0.0929199801606166,162.0739002878737,133.80477143128792,37.76521923125981,0.9999975879387346,1750.4960187820047,0.113344382490243,12.275413367416604,0.3830507144767445,8.484315361076845,0.0309869207241083,60,570800,571399,0.2979800000030081,12.275413367416604,0.3300656943198103,8.484315361076845,0.0309869207241083
earth,IU_ANMO,ANMO,earth,dropout,60s_r03,1,60.0,570800,571399,SSA,3.2250695257117896,0.0688345397987167,122.38278376377868,99.12173731015214,40.205074349117645,0.9999987542720212,1260.060069928432,0.0015795270768347,78.3212198391801,0.3531147608644988,122.85780022396136,0.0268036777076842,60,570800,571399,2.5133466999977827,78.3212198391801,0.3108240098657259,122.85780022396136,0.0268036777076842
earth,IU_ANMO,ANMO,earth,dropout,60s_r03,1,60.0,570800,571399,UNet,3.257543353846608,0.0703051125660491,123.61507889878926,101.2393620951108,40.118051893223445,0.9999988046777114,1268.7028145456202,0.1398830649295233,79.93904176602092,0.544237969367241,87.7622561736713,0.1019006843481252,60,570800,571399,0.0260820999974384,79.93904176602092,0.4724755945061307,87.7622561736713,0.1019006843481252
earth,IU_ANMO,ANMO,earth,dropout,60s_r03,1,60.0,570800,571399,DSSRR,5.142637789979977,0.1072713387363784,195.1493831710964,154.470727780385,36.152137243019446,0.9999978833285306,1984.8185980560968,0.1126177992403097,5.038704067364661,0.3367976497750379,11.417015998659748,0.1097917233994971,60,570800,571399,0.0228008000121917,5.038704067364661,0.3075193574215634,11.417015998659748,0.1097917233994971
earth,IU_ANMO,ANMO,earth,dropout,60s_r04,1,60.0,584600,585199,Linear,4.061683219166105,0.0899073589374234,154.13004127979715,129.46659686988974,38.2017350065304,0.9999989036353848,1200.2188429391997,0.0031854261606323,124.9947115173079,0.6400696263002232,51.18553980222859,0.348443328250951,60,584600,585199,0.0055381999991368,124.9947115173079,0.5370376554636733,51.18553980222859,0.348443328250951
earth,IU_ANMO,ANMO,earth,dropout,60s_r04,1,60.0,584600,585199,CubicSpline,4.064175833405372,0.0900244242329111,154.22462933968814,129.63517089539206,38.19640619815911,0.999998901600872,1200.307527738093,0.0032096242045693,124.33855096332675,0.6694808996085193,49.46231595655999,0.3258306809193341,60,584600,585199,0.0016649999888613,124.33855096332675,0.5652592017417988,49.46231595655999,0.3258306809193341
earth,IU_ANMO,ANMO,earth,dropout,60s_r04,1,60.0,584600,585199,FFT,3.939605750201139,0.0850917529566471,149.4975270447834,122.53212425757184,38.46680072669444,0.9999991173568196,1542.2015610505484,0.0469287131736719,16.543819732826535,0.2340730869042071,21.412781704885266,0.0284464174184564,60,584600,585199,0.2925690999836661,16.543819732826535,0.2123340987292318,21.412781704885266,0.0284464174184564
earth,IU_ANMO,ANMO,earth,dropout,60s_r04,1,60.0,584600,585199,SSA,3.1604774947208343,0.0684602252222334,119.93168852424746,98.5827243200161,40.38080193746495,0.9999995382726627,1168.001975619857,0.0083932061562644,91.6146711482714,0.2602026713280456,62.818508313351046,0.0562746228287737,60,584600,585199,2.581930199987255,91.6146711482714,0.2475073818647921,62.818508313351046,0.0562746228287737
earth,IU_ANMO,ANMO,earth,dropout,60s_r04,1,60.0,584600,585199,UNet,3.042492895823089,0.0657421347080144,115.45448778818825,94.66867397954084,40.711264523423736,0.9999995170321992,1216.171719582999,0.1025436410616082,83.86415643934129,0.2719908804710557,120.23461062133433,0.0829007088952268,60,584600,585199,0.0243745000043418,83.86415643934129,0.2482431344198985,120.23461062133433,0.0829007088952268
earth,IU_ANMO,ANMO,earth,dropout,60s_r04,1,60.0,584600,585199,DSSRR,3.9901557877016014,0.0854018072604962,151.41576609648408,122.97860245511455,38.35605893641144,0.9999990561261998,1392.7229846613072,0.0162334404345083,29.75572250837548,0.2225217848398261,17.53592508195166,0.0416933940037717,60,584600,585199,0.0185623999859672,29.75572250837548,0.2260511713702044,17.53592508195166,0.0416933940037717
earth,IU_ANMO,ANMO,earth,dropout,60s_r05,1,60.0,785800,786399,Linear,3.3804352337752697,0.0731663575831393,128.2784978569633,105.3595549197206,39.79640358718314,0.9999978889150324,1277.5898894336192,0.0033611836241866,69.61908513038298,0.6970543319698884,92.31794429685996,0.3120334248350317,60,785800,786399,0.0055659000063315,69.61908513038298,0.5829027582393408,92.31794429685996,0.3120334248350317
earth,IU_ANMO,ANMO,earth,dropout,60s_r05,1,60.0,785800,786399,CubicSpline,3.752340628322976,0.0809077379520971,142.39131530745516,116.50714265101992,38.88981086627236,0.9999974069819204,1278.8202337194273,0.0047475216911134,91.51949861234952,0.6834500475125295,76.4444594771007,0.2940823147699778,60,785800,786399,0.0024413999926764,91.51949861234952,0.5732317937417849,76.4444594771007,0.2940823147699778
earth,IU_ANMO,ANMO,earth,dropout,60s_r05,1,60.0,785800,786399,FFT,3.4324700872188907,0.0745292286813992,130.25308171210207,107.32208930121487,39.66372075605967,0.9999975455496246,1329.9587949522413,0.0826347496360187,10.772428446254418,0.2868153344859511,10.677342425573158,0.038273114146459,60,785800,786399,0.2748518000007607,10.772428446254418,0.275117898328586,10.677342425573158,0.038273114146459
earth,IU_ANMO,ANMO,earth,dropout,60s_r05,1,60.0,785800,786399,SSA,2.8562638170933767,0.0634891667889141,108.38759112409976,91.42440017603631,41.25988961394336,0.9999981718393708,1229.0080950890613,0.0019336856230664,82.06373933312446,0.340068904607628,125.67393002183506,0.0361417394548946,60,785800,786399,3.7520730000105686,82.06373933312446,0.2996174229179397,125.67393002183506,0.0361417394548946
earth,IU_ANMO,ANMO,earth,dropout,60s_r05,1,60.0,785800,786399,UNet,3.10671765328391,0.0710040152609681,117.89164597716528,102.24578197579416,40.52982027571452,0.9999978778726948,1296.5113880544325,0.1634646401521055,56.16885222930902,0.6155193310058544,83.29984721622051,0.1616179484597959,60,785800,786399,0.0340080999885685,56.16885222930902,0.5523945138373556,83.29984721622051,0.1616179484597959
earth,IU_ANMO,ANMO,earth,dropout,60s_r05,1,60.0,785800,786399,DSSRR,3.910436191218561,0.0837629414995609,148.39062010805256,120.6186357593678,38.5313519069612,0.9999966610141746,1709.4866648746029,0.1047782461586285,20.29890301271353,0.2376416351966751,20.10451611762684,0.035975741601008,60,785800,786399,0.0199243999959435,20.29890301271353,0.2229259524330681,20.10451611762684,0.035975741601008
earth,IU_ANMO,ANMO,earth,dropout,60s_r06,1,60.0,791000,791599,Linear,3.2393598107389083,0.0685400023664999,122.92506195296302,98.69760340775984,40.16667218417148,0.9999990814607108,1296.241094152963,0.0011385854679503,88.15982443077064,0.6443104120580778,131.25674056325596,0.3544911015371412,60,791000,791599,0.0053007999958936,88.15982443077064,0.5391454255740885,131.25674056325596,0.3544911015371412
earth,IU_ANMO,ANMO,earth,dropout,60s_r06,1,60.0,791000,791599,CubicSpline,3.24497828453068,0.0686492535539113,123.13826804283455,98.85492511763236,40.15162008331383,0.9999990805243758,1296.443444589286,0.0011530343432558,85.44163021415117,0.6736203269282024,128.94274472305258,0.3318784542055244,60,791000,791599,0.0021322999964468,85.44163021415117,0.5653794619421538,128.94274472305258,0.3318784542055244
earth,IU_ANMO,ANMO,earth,dropout,60s_r06,1,60.0,791000,791599,FFT,4.088070990382045,0.0847074185218149,155.13138679281073,121.97868267141344,38.14548740355972,0.9999980278043274,1563.1139928576802,0.0810664643653385,11.326905466307602,0.158568131443408,16.42645248245898,0.074426971205365,60,791000,791599,0.2921686999907251,11.326905466307602,0.1469681361095599,16.42645248245898,0.074426971205365
earth,IU_ANMO,ANMO,earth,dropout,60s_r06,1,60.0,791000,791599,SSA,3.204521712498663,0.0674951486893695,121.60304907550848,97.19301411269208,40.26059160950688,0.9999991054350588,1278.1294581648078,0.0022502150893053,86.61634468786306,0.2668150737989111,135.2843885002283,0.0184629297937317,60,791000,791599,2.8606068000080995,86.61634468786306,0.2430318431769286,135.2843885002283,0.0184629297937317
earth,IU_ANMO,ANMO,earth,dropout,60s_r06,1,60.0,791000,791599,UNet,3.160779369006048,0.0661796591178935,119.94314384794716,95.29870912976676,40.37997234082478,0.9999991473259708,1260.4002215245946,0.0807956332372421,89.19403368633144,0.2238112307556203,131.90417115676462,0.0473085555834867,60,791000,791599,0.0278822999971453,89.19403368633144,0.2128645859954668,131.90417115676462,0.0473085555834867
earth,IU_ANMO,ANMO,earth,dropout,60s_r06,1,60.0,791000,791599,DSSRR,5.669823620963642,0.112716197818153,215.1546788840198,162.3113248581404,35.30446500197097,0.999996912369778,1759.140684695615,0.0616676313263627,32.50980975625775,0.408211811973003,57.36411910710572,0.0379387678847876,60,791000,791599,0.0240686000033747,32.50980975625775,0.3534580967639796,57.36411910710572,0.0379387678847876
earth,IU_ANMO,ANMO,earth,dropout,300s_r01,1,300.0,95800,98799,Linear,12.949756717650605,0.6078195071002329,219.76465895440293,175.05201804486708,28.13062378882104,0.99974364904477,2575.500005956962,0.0273452632965029,130.60066660251908,0.9310653929370096,60.72723460621519,0.4273400889854553,300,95800,98799,0.0062418000015895,130.60066660251908,0.8818521329849883,60.72723460621519,0.4273400889854553
earth,IU_ANMO,ANMO,earth,dropout,300s_r01,1,300.0,95800,98799,CubicSpline,14.029269427858068,0.6602662478630478,238.08459714075727,190.1566793845578,27.4351548641446,0.9994853689472089,2575.878980988114,0.0318098794966986,130.6005651842699,0.9540511377381796,90.08659607779884,0.4223947658213903,300,95800,98799,0.0036106000188738,130.6005651842699,0.9119459578122432,90.08659607779884,0.4223947658213903
earth,IU_ANMO,ANMO,earth,dropout,300s_r01,1,300.0,95800,98799,FFT,9.480706540847407,0.4452712420134401,160.89292525134857,128.2381176998707,30.83904190132456,0.9999854698474394,4012.7584542704726,0.1533662597519496,16.572787146410956,0.1124081605988609,27.190798286817653,0.0214651371316251,300,95800,98799,0.0740743000060319,16.572787146410956,0.1405604965868656,27.190798286817653,0.0214651371316251
earth,IU_ANMO,ANMO,earth,dropout,300s_r01,1,300.0,95800,98799,SSA,10.983964175221493,0.5167406161361154,186.4040532626213,148.8212974472012,29.56067382493023,0.9998768586769978,2591.2717969261325,0.0192067041719968,113.87386246461996,0.9033100759548014,30.042479978720586,0.2150456049040688,300,95800,98799,8.019856099999743,113.87386246461996,0.8656580317535879,30.042479978720586,0.2150456049040688
earth,IU_ANMO,ANMO,earth,dropout,300s_r01,1,300.0,95800,98799,UNet,8.391374402775067,0.3979276109989839,142.4063458482592,114.60315196770736,31.899194006262903,0.9999653033121996,2555.4352496609413,0.2091381707710226,24.39340534237416,0.9210914897777084,37.78178938956947,0.3452552612184236,300,95800,98799,0.0575243000057525,24.39340534237416,0.8558563275130538,37.78178938956947,0.3452552612184236
earth,IU_ANMO,ANMO,earth,dropout,300s_r01,1,300.0,95800,98799,DSSRR,11.437048568326713,0.5367902310631376,194.09315038616907,154.59558654618365,29.20957667250334,0.9999769314918237,3747.726429747717,0.1571070242431708,36.55511883189793,0.2562205780554711,50.029419697650646,0.0460305466313334,300,95800,98799,0.0288670000154525,36.55511883189793,0.2320446197423537,50.029419697650646,0.0460305466313334
earth,IU_ANMO,ANMO,earth,dropout,300s_r02,1,300.0,571200,574199,Linear,7.588957015800396,0.3561602811997689,128.78887123213647,102.57416098553344,32.772214120671315,0.9999950544102753,2761.00607761994,0.0072223979074061,66.68085394584618,0.9330532580205152,67.12430655814673,0.4292411412364655,300,571200,574199,0.0063068000017665,66.68085394584618,0.875237396042679,67.12430655814673,0.4292411412364655
earth,IU_ANMO,ANMO,earth,dropout,300s_r02,1,300.0,571200,574199,CubicSpline,7.763538665405679,0.3639010468701071,131.75162007149558,104.80350149859088,32.57466157407613,0.9999926410445996,2761.036517567211,0.0087713387952829,61.52202528762789,0.9560914908394724,62.27952361956105,0.4242958180724005,300,571200,574199,0.0015176000015344,61.52202528762789,0.9051971371633328,62.27952361956105,0.4242958180724005
earth,IU_ANMO,ANMO,earth,dropout,300s_r02,1,300.0,571200,574199,FFT,8.606578759244135,0.4028621851839749,146.05848488346314,116.02430933298476,31.67924503289758,0.9999954001421768,3403.3912715280094,0.069366091598421,12.216412442586767,0.0942254420812935,17.526242938123286,0.0146017347196741,300,571200,574199,0.0576063999906182,12.216412442586767,0.0942214270703153,17.526242938123286,0.0146017347196741
earth,IU_ANMO,ANMO,earth,dropout,300s_r02,1,300.0,571200,574199,SSA,7.159858284803894,0.3365373746626111,121.5068242924684,96.922763902832,33.27776745216515,0.9999967817754682,2747.300883304467,0.0080376482194532,74.48573958965632,0.7182344066511028,78.49401106355735,0.1249284874190846,300,571200,574199,6.802930999983801,74.48573958965632,0.6761960653437104,78.49401106355735,0.1249284874190846
earth,IU_ANMO,ANMO,earth,dropout,300s_r02,1,300.0,571200,574199,UNet,7.049553915141793,0.3340376146647156,119.63489706568647,96.20283302343812,33.41262325249557,0.999996999337924,2768.351186818588,0.1530826119546293,66.97616755169065,0.8863071886219366,96.31960576607266,0.2938322257604923,300,571200,574199,0.0270004000049084,66.97616755169065,0.8051637527247014,96.31960576607266,0.2938322257604923
earth,IU_ANMO,ANMO,earth,dropout,300s_r02,1,300.0,571200,574199,DSSRR,10.56132821472348,0.4956461678163857,179.2316831752269,142.7460963311191,29.90148519176719,0.9999898850713,3708.087685075929,0.0726165027638673,11.70740937669814,0.1809216392603491,19.003429475769,0.0260417591208497,300,571200,574199,0.0272592999972403,11.70740937669814,0.1586305981833632,19.003429475769,0.0260417591208497
earth,IU_ANMO,ANMO,earth,dropout,300s_r03,1,300.0,583400,586399,Linear,7.3245972883518045,0.3478510776352028,124.3025378892998,100.18111035893844,33.08018094289711,0.9999959486420944,2467.363289964467,0.0032205063852868,97.94426119858208,0.9309543697795212,56.270879440100536,0.4258441273847233,300,583400,586399,0.0049304999993182,97.94426119858208,0.8731924288410112,56.270879440100536,0.4258441273847233
earth,IU_ANMO,ANMO,earth,dropout,300s_r03,1,300.0,583400,586399,CubicSpline,7.404803180272766,0.3514653990842377,125.66367701094204,101.22203493626048,32.98558559086584,0.9999957607286312,2467.3680384585846,0.0032923373814636,99.76659382283438,0.9072656461622504,55.084460735581374,0.4208650370761047,300,583400,586399,0.0014652000099886,99.76659382283438,0.8408612448052841,55.084460735581374,0.4208650370761047
earth,IU_ANMO,ANMO,earth,dropout,300s_r03,1,300.0,583400,586399,FFT,9.236654519711616,0.4309220659229766,156.75122511277095,124.10555498581724,31.065561981458547,0.9999933180800128,3728.539897105654,0.1078273870980554,12.062514362653808,0.0879229400141536,18.5164640266816,0.0280327635339518,300,583400,586399,0.0551328999863471,12.062514362653808,0.0770401217894664,18.5164640266816,0.0280327635339518
earth,IU_ANMO,ANMO,earth,dropout,300s_r03,1,300.0,583400,586399,SSA,7.025755194744946,0.334738387695568,119.23101938785834,96.40465565632356,33.441995716612404,0.999996147248054,2450.174171314185,0.0035850244510743,88.33919041289757,0.5027359538332662,51.824346191840085,0.1412630693136227,300,583400,586399,6.907532100012759,88.33919041289757,0.4359255933715366,51.824346191840085,0.1412630693136227
earth,IU_ANMO,ANMO,earth,dropout,300s_r03,1,300.0,583400,586399,UNet,6.261149672510765,0.3005559919137886,106.25523339495103,86.56012567117112,34.44277426606476,0.999997019312988,2460.2332005553126,0.1111151435441264,83.44508953461705,0.2312748474135632,95.78623277196736,0.1239179794999842,300,583400,586399,0.0288463000033516,83.44508953461705,0.2064127416775507,95.78623277196736,0.1239179794999842
earth,IU_ANMO,ANMO,earth,dropout,300s_r03,1,300.0,583400,586399,DSSRR,9.888262922696445,0.4761458858947416,167.80938640305996,137.13001513768558,30.473455869751408,0.9999906188711332,3787.4223883667296,0.0594297064726317,21.6523601305133,0.1055303263337561,20.71438374282102,0.0045066105944099,300,583400,586399,0.0240994000050704,21.6523601305133,0.1051455011319084,20.71438374282102,0.0045066105944099
earth,IU_ANMO,ANMO,earth,dropout,300s_r04,1,300.0,782800,785799,Linear,8.229465098545667,0.384737747344082,139.65865384127184,110.80447123509563,32.06842382575588,0.999977620605676,2751.1631430635093,0.0071832119267162,15.298915080565902,0.934667449884076,35.15475172966175,0.4162150973174935,300,782800,785799,0.0055323999840766,15.298915080565902,0.8798985190111022,35.15475172966175,0.4162150973174935
earth,IU_ANMO,ANMO,earth,dropout,300s_r04,1,300.0,782800,785799,CubicSpline,9.37764010719232,0.4498830803429733,159.14382987174315,129.5663271387763,30.93398475058544,0.9999646100283166,2751.224592007813,0.0099412591171158,83.08650431221194,0.9124477892909512,18.85973667052711,0.4114598548713319,300,782800,785799,0.002761100011412,83.08650431221194,0.8494785519545841,18.85973667052711,0.4114598548713319
earth,IU_ANMO,ANMO,earth,dropout,300s_r04,1,300.0,782800,785799,FFT,8.446025357972953,0.4006571283285888,143.3338033127091,115.3892529586336,31.8428083601154,0.9999949381811204,3234.6179024553467,0.0505252352581118,11.28958213364985,0.099515948714292,7.652936412723118,0.0002719692230104,300,782800,785799,0.0542032000084873,11.28958213364985,0.0977306834050446,7.652936412723118,0.0002719692230104
earth,IU_ANMO,ANMO,earth,dropout,300s_r04,1,300.0,782800,785799,SSA,7.023389256558051,0.3263831265404496,119.1908680853986,93.99834044364952,33.4449212012563,0.999993387884168,2656.256988184432,0.0055125559995845,39.29559534914342,0.874525356174038,64.72605047448214,0.1866429860168352,300,782800,785799,6.703150499990443,39.29559534914342,0.842008153681129,64.72605047448214,0.1866429860168352
earth,IU_ANMO,ANMO,earth,dropout,300s_r04,1,300.0,782800,785799,UNet,6.777071555349187,0.316959836667792,115.01071808097296,91.28443296032412,33.7550145572752,0.9999966356789805,2739.569396637892,0.1677824265138112,65.70705695154489,0.80587811802086,95.53945156098526,0.260844586366709,300,782800,785799,0.0281889999751001,65.70705695154489,0.6964106073691516,95.53945156098526,0.260844586366709
earth,IU_ANMO,ANMO,earth,dropout,300s_r04,1,300.0,782800,785799,DSSRR,10.60724848674705,0.4971594520919041,180.01097603303,143.1819222024684,29.863801123895147,0.9999723505746178,3666.7968715666943,0.1062062488439148,28.458073980603324,0.3341615085398199,40.05220722230809,0.0273760209767724,300,782800,785799,0.030073000001721,28.458073980603324,0.3128812336467687,40.05220722230809,0.0273760209767724
earth,IU_ANMO,ANMO,earth,dropout,300s_r05,1,300.0,790200,793199,Linear,7.347873961159182,0.3468957799055083,124.6975561257532,99.90598461278638,33.05262201607184,0.9999961601340612,2672.204501813903,0.0027788306479083,97.03342758775364,0.9353294833171434,89.21653052626996,0.4059464552752381,300,790200,793199,0.0048129000060725,97.03342758775364,0.8782909313199826,89.21653052626996,0.4059464552752381
earth,IU_ANMO,ANMO,earth,dropout,300s_r05,1,300.0,790200,793199,CubicSpline,7.3482105826177,0.3470381471621765,124.70326878133744,99.94698638270684,33.05222410643403,0.9999961641436385,2672.2076175562847,0.0027905725837111,96.4084378580086,0.9580952261981708,89.05433283390921,0.401001132111181,300,790200,793199,0.0023986999876797,96.4084378580086,0.9080347829345916,89.05433283390921,0.401001132111181
earth,IU_ANMO,ANMO,earth,dropout,300s_r05,1,300.0,790200,793199,FFT,9.609886608435673,0.4502617137580065,163.0851836942078,129.67537356230588,30.72149071497785,0.999991937078483,3979.996077594775,0.0397664106551018,7.596110989232697,0.1133814509421237,11.82847015974068,0.0022214668703566,300,790200,793199,0.0791720999986864,7.596110989232697,0.0991223516566107,11.82847015974068,0.0022214668703566
earth,IU_ANMO,ANMO,earth,dropout,300s_r05,1,300.0,790200,793199,SSA,7.23684081870771,0.3407519025641846,122.81326121461986,98.13654793848517,33.1848755799593,0.9999962396442402,2716.631577238248,0.0087903681447626,87.45061809223769,0.3120829957783769,89.46599264997712,0.1569544714500067,300,790200,793199,6.909359899989795,87.45061809223769,0.2715398025309293,89.46599264997712,0.1569544714500067
earth,IU_ANMO,ANMO,earth,dropout,300s_r05,1,300.0,790200,793199,UNet,6.752817039643912,0.3204508191938114,114.59910530026264,92.28983592781768,33.78615631736236,0.9999965898031205,2674.053480347125,0.1466141312633285,75.63159205978486,0.8619799454766329,115.4020710113298,0.09009510611149,300,790200,793199,0.0296791000000666,75.63159205978486,0.8033030834924629,115.4020710113298,0.09009510611149
earth,IU_ANMO,ANMO,earth,dropout,300s_r05,1,300.0,790200,793199,DSSRR,10.675244118406471,0.5011599719051382,181.1649001667286,144.3340719086798,29.808299677429435,0.9999873948168588,3683.775087844304,0.0489299747110959,28.0761387433318,0.2059984468515785,42.26453168659313,0.0328361510145246,300,790200,793199,0.0241033000056631,28.0761387433318,0.1766198509123142,42.26453168659313,0.0328361510145246
earth,IU_ANMO,ANMO,earth,dropout,600s_r01,1,600.0,97300,103299,Linear,13.6290687703727,0.9212004417703163,163.5488252444724,132.6528636149256,27.686532321483945,0.9999542977603209,4249.089791735853,0.0146132072676219,64.50082424897064,0.98616747249029,48.079595782473305,0.4095502352913008,600,97300,103299,0.0049434999818913,64.50082424897064,0.950494639289996,48.079595782473305,0.4095502352913008
earth,IU_ANMO,ANMO,earth,dropout,600s_r01,1,600.0,97300,103299,CubicSpline,14.466480964471748,0.9791544975773876,173.597771573661,140.99824765114383,27.16859798184151,0.999922611698542,4249.169181245527,0.017087764813501,63.12286010448942,0.999473817685972,27.227015979974382,0.4076984998119554,600,97300,103299,0.0021582999906968,63.12286010448942,0.9692330836819008,27.227015979974382,0.4076984998119554
earth,IU_ANMO,ANMO,earth,dropout,600s_r01,1,600.0,97300,103299,FFT,15.00895366532111,1.0118111947879789,180.1074439838533,145.70081204946894,26.848847642481672,0.9999826970906018,6021.51575296764,0.1054642077868072,6.883578645883643,0.0872149599145209,8.459943679059753,0.0002219431207799,600,97300,103299,0.0557846000010613,6.883578645883643,0.1014174586339265,8.459943679059753,0.0002219431207799
earth,IU_ANMO,ANMO,earth,dropout,600s_r01,1,600.0,97300,103299,SSA,12.61418367932906,0.833964501275377,151.3702041519487,120.09088818365429,28.358672967864933,0.999970046742192,4224.109451142647,0.0121775467547081,66.80197934206718,0.9473822888982096,61.31383386687013,0.2342621784481453,600,97300,103299,17.366597000014735,66.80197934206718,0.9234259561241064,61.31383386687013,0.2342621784481453
earth,IU_ANMO,ANMO,earth,dropout,600s_r01,1,600.0,97300,103299,UNet,10.876466177332407,0.7271655450105164,130.51759412798893,104.71183848151436,29.64609970696874,0.9999869130791398,4243.595323466811,0.1896436795754977,75.23379463596936,0.956015287705942,112.2591183364753,0.1845332912094116,600,97300,103299,0.0772421000001486,75.23379463596936,0.9089683890776,112.2591183364753,0.1845332912094116
earth,IU_ANMO,ANMO,earth,dropout,600s_r01,1,600.0,97300,103299,DSSRR,18.501267125491445,1.2368603018370494,222.0152055058973,178.10788346453515,25.031826507393703,0.9999332662416124,6141.604904273505,0.0958163366637654,33.31889399330158,0.2812011528374105,51.32019162921017,0.0848660971863362,600,97300,103299,0.0346355999936349,33.31889399330158,0.24329333915352,51.32019162921017,0.0848660971863362
earth,IU_ANMO,ANMO,earth,dropout,600s_r02,1,600.0,572700,578699,Linear,10.483864358391385,0.6751136941604834,125.8063723006966,97.21637195910964,29.96542811302143,0.9999876192197924,3797.859064442586,0.0072916951686027,38.23137847314904,0.9748148663729772,68.72006796874481,0.4201826416335953,600,572700,578699,0.0046682000102009,38.23137847314904,0.943395571033376,68.72006796874481,0.4201826416335953
earth,IU_ANMO,ANMO,earth,dropout,600s_r02,1,600.0,572700,578699,CubicSpline,9.924055288978952,0.6352115472912709,119.08866346774742,91.47046280994302,30.44207247702474,0.9999896046412132,3797.823502777932,0.0054345632863517,63.74596859747945,0.9182983592595138,98.6079614597852,0.4149088365448946,600,572700,578699,0.0022876000148244,63.74596859747945,0.8629378773712062,98.6079614597852,0.4149088365448946
earth,IU_ANMO,ANMO,earth,dropout,600s_r02,1,600.0,572700,578699,FFT,13.729464758410344,0.9231457653200406,164.75357710092413,132.93299020608583,27.622783847126925,0.9999845338317308,5330.764591216199,0.0855866936313249,16.6828486190749,0.0905581803038267,10.424619893080326,0.0076275041626351,600,572700,578699,0.0581057000090368,16.6828486190749,0.0897331427051545,10.424619893080326,0.0076275041626351
earth,IU_ANMO,ANMO,earth,dropout,600s_r02,1,600.0,572700,578699,SSA,10.086709742248084,0.6447337963326134,121.040516906977,92.84166667189636,30.300865507294645,0.9999891098276686,3738.108691357772,0.0065562814661364,45.79733870214968,0.9522774881361236,75.61192473651862,0.1502900136677783,600,572700,578699,19.551316700002644,45.79733870214968,0.932731284173004,75.61192473651862,0.1502900136677783
earth,IU_ANMO,ANMO,earth,dropout,600s_r02,1,600.0,572700,578699,UNet,9.975765857934844,0.6461277645438903,119.70919029521814,93.0423980943202,30.39693103552961,0.9999892330779148,3780.4268789055927,0.1655002471593496,64.70401063151758,0.9716598535184104,96.87863989776868,0.1786851158510264,600,572700,578699,0.0491735000105109,64.70401063151758,0.942740875602036,96.87863989776868,0.1786851158510264
earth,IU_ANMO,ANMO,earth,dropout,600s_r02,1,600.0,572700,578699,DSSRR,13.66576737536803,0.9102018801672332,163.98920850441635,131.0690707440816,27.66317550606011,0.999984239522948,4949.129828377892,0.0474688358322571,12.303336334043337,0.1428295640448667,16.601207353861987,0.0044310701340834,600,572700,578699,0.0427711999800521,12.303336334043337,0.1273919277781441,16.601207353861987,0.0044310701340834
earth,IU_ANMO,ANMO,earth,dropout,600s_r03,1,600.0,782500,788499,Linear,9.812800878426607,0.654703037839362,117.75361054111929,94.2772374488681,30.539996255647534,0.9999892110261108,3981.586016285047,0.0054037608450217,93.63605671630953,0.9810982805715882,135.98141892779356,0.4195953896589835,600,782500,788499,0.0036358000070322,93.63605671630953,0.9444007183143366,135.98141892779356,0.4195953896589835
earth,IU_ANMO,ANMO,earth,dropout,600s_r03,1,600.0,782500,788499,CubicSpline,9.814667909272794,0.6548288411315091,117.77601491127352,94.2953531229373,30.5383437935695,0.9999892088363656,3981.586480544686,0.0054040538752817,93.96548751397208,0.9242365041632592,135.99558618426954,0.4142988202232904,600,782500,788499,0.0019035000004805,93.96548751397208,0.8638283101322183,135.99558618426954,0.4142988202232904
earth,IU_ANMO,ANMO,earth,dropout,600s_r03,1,600.0,782500,788499,FFT,13.777847814155262,0.9237949562267,165.33417376986313,133.0264736966448,27.592228312860712,0.9999823949428858,5543.390738867148,0.1224164254552131,3.45621023275478,0.1060907601255695,6.151122489462769,0.0184079755863905,600,782500,788499,0.050036500004353,3.45621023275478,0.1155532822177785,6.151122489462769,0.0184079755863905
earth,IU_ANMO,ANMO,earth,dropout,600s_r03,1,600.0,782500,788499,SSA,9.75507114504192,0.6524382293069576,117.06085374050303,93.95110502020188,30.59124715786364,0.9999892018192144,3985.210191233603,0.0068413485077916,91.05573197510074,0.6336380169991217,132.1564141687941,0.1058067931148558,600,782500,788499,14.91322560000117,91.05573197510074,0.5582228022831165,132.1564141687941,0.1058067931148558
earth,IU_ANMO,ANMO,earth,dropout,600s_r03,1,600.0,782500,788499,UNet,9.658378651726784,0.6433966651226336,115.9005438207214,92.64911977765924,30.67777142630213,0.9999892479327548,3977.3994051853815,0.0713702995983656,89.39419419618315,0.3428453034132681,124.83390182428263,0.1455032425446537,600,782500,788499,0.037015199981397,89.39419419618315,0.3115407584361389,124.83390182428263,0.1455032425446537
earth,IU_ANMO,ANMO,earth,dropout,600s_r03,1,600.0,782500,788499,DSSRR,13.632370650515393,0.8984937526580187,163.58844780618472,129.3831003827547,27.68442826775333,0.99998262478781,5477.395432103862,0.1052135997708367,5.942230773352147,0.1124453857219455,7.623595847580051,0.0078698515811336,600,782500,788499,0.0445976999762933,5.942230773352147,0.1076127174228214,7.623595847580051,0.0078698515811336
earth,IU_ANMO,ANMO,earth,dropout,600s_r04,1,600.0,795900,801899,Linear,10.302622467296944,0.6853728955908228,123.63146960756332,98.69369696507852,30.11690026632693,0.9999881911188576,3927.125642332429,0.0049760321213378,47.31314737655919,0.96975733761635,76.04939603286186,0.4080911448241078,600,795900,801899,0.0040104999789036,47.31314737655919,0.9378143177846842,76.04939603286186,0.4080911448241078
earth,IU_ANMO,ANMO,earth,dropout,600s_r04,1,600.0,795900,801899,CubicSpline,10.881121568252876,0.7275291292420093,130.5734588190345,104.76419461084932,29.642382731277586,0.9999874873155368,3927.140988052688,0.0042407151508551,73.41559588091187,0.957134429363431,90.34180709712228,0.4070075579240342,600,795900,801899,0.002260400011437,73.41559588091187,0.9194899481636072,90.34180709712228,0.4070075579240342
earth,IU_ANMO,ANMO,earth,dropout,600s_r04,1,600.0,795900,801899,FFT,13.698362505493964,0.9039967491975582,164.38035006592756,130.17553188444842,27.642482881215305,0.9999891244195124,5456.14616001344,0.0053378099821765,2.9854230481653903,0.0830382656634148,2.732497597098422,0.001224945654672,600,795900,801899,0.0646199000184424,2.9854230481653903,0.0896364710700814,2.732497597098422,0.001224945654672
earth,IU_ANMO,ANMO,earth,dropout,600s_r04,1,600.0,795900,801899,SSA,9.968549012090918,0.6656326660719534,119.62258814509102,95.85110391436127,30.40321701022261,0.9999892176499176,3887.7646393135615,0.0056012498617645,54.69813963212397,0.9574915644724802,82.47554829761303,0.1696020666453792,600,795900,801899,16.608455300010974,54.69813963212397,0.93921099400173,82.47554829761303,0.1696020666453792
earth,IU_ANMO,ANMO,earth,dropout,600s_r04,1,600.0,795900,801899,UNet,10.09763770691521,0.6704483312947492,121.17165248298252,96.54455970644388,30.29146028826731,0.9999873603385288,3931.728909597969,0.160506787750252,67.86270395989499,0.9824923052470044,90.90318276211256,0.190651898668928,600,795900,801899,0.03637789998902,67.86270395989499,0.9524204844521336,90.90318276211256,0.190651898668928
earth,IU_ANMO,ANMO,earth,dropout,600s_r04,1,600.0,795900,801899,DSSRR,16.302462143969073,1.0718198004868036,195.62954572762885,154.34205127009972,26.13079197199873,0.999961148846806,5731.780180507537,0.1519299379143371,27.731913862471195,0.2200512242239283,39.99827403256886,0.0717308116064514,600,795900,801899,0.0350541000079829,27.731913862471195,0.1938598029662894,39.99827403256886,0.0717308116064514
earth,IU_ANMO,ANMO,earth,dropout,1800s_r01,1,1800.0,90900,108899,Linear,24.099264043819016,2.8317177665511424,166.9645989956493,135.92245279445484,22.73578037884692,0.9999626638099632,7270.518721974969,0.0097566714836696,112.50194330548914,0.9829505521901704,37.89108210409256,0.412735390453836,1800,90900,108899,0.0047594000061508,112.50194330548914,0.9658553572112584,37.89108210409256,0.412735390453836
earth,IU_ANMO,ANMO,earth,dropout,1800s_r01,1,1800.0,90900,108899,CubicSpline,29.212419116845908,3.556735441786827,202.38957648949383,170.72330120576768,21.06450552145844,0.9999576669518184,7270.520627073309,0.0101516658185559,161.509528323475,0.9783143196152952,35.642704639632456,0.4127304516698963,1800,90900,108899,0.0020172999938949,161.509528323475,0.9589192507554964,35.642704639632456,0.4127304516698963
earth,IU_ANMO,ANMO,earth,dropout,1800s_r01,1,1800.0,90900,108899,FFT,26.10905718764061,2.9744779337185387,180.8888543468597,142.77494081848985,22.040032190174973,0.9999234073531224,10630.716712420965,0.0176081587057497,11.192806123292948,0.0761863577980607,6.718184806466934,0.0189798450907476,1800,90900,108899,0.0639645000046584,11.192806123292948,0.0735864949593422,6.718184806466934,0.0189798450907476
earth,IU_ANMO,ANMO,earth,dropout,1800s_r01,1,1800.0,90900,108899,SSA,23.7544201524967,2.7815851571204417,164.5754504338493,133.51608754178122,22.860967305707675,0.9999658688512284,7259.301379028576,0.0099021641158257,110.36660629551824,0.958177251224244,40.64151374031152,0.1905329686816624,1800,90900,108899,57.6389693999954,110.36660629551824,0.9397133219011852,40.64151374031152,0.1905329686816624
earth,IU_ANMO,ANMO,earth,dropout,1800s_r01,1,1800.0,90900,108899,UNet,18.613474058132727,2.143983064321677,128.95793109620456,102.91118708744048,24.979307213344057,0.9999733265971004,7264.133754263354,0.2207156842036568,70.76589501296941,0.9562070151005296,108.02330139362068,0.1478678981276834,1800,90900,108899,0.1042126000102143,70.76589501296941,0.938570410993278,108.02330139362068,0.1478678981276834
earth,IU_ANMO,ANMO,earth,dropout,1800s_r01,1,1800.0,90900,108899,DSSRR,27.051434542449524,3.100284266816486,187.41783618058523,148.81364480719137,21.732049964704764,0.9999020932639552,10437.97814807998,0.1536883896169111,4.000447436196912,0.0849845968816158,6.313275184065407,0.0046735675277462,1800,90900,108899,1.078725100000156,4.000447436196912,0.0764582473292659,6.313275184065407,0.0046735675277462
earth,IU_ANMO,ANMO,earth,dropout,1800s_r02,1,1800.0,569700,587699,Linear,17.613455716922854,2.026595591065856,122.02960079429954,97.27658837116104,25.458964543222564,0.9999733311173188,6713.026034150947,0.0129453127835479,90.30135795828971,0.9314894818657332,142.32333380156993,0.4213092895062111,1800,569700,587699,0.0052695000194944,90.30135795828971,0.9160835251661924,142.32333380156993,0.4213092895062111
earth,IU_ANMO,ANMO,earth,dropout,1800s_r02,1,1800.0,569700,587699,CubicSpline,17.67551845492633,2.0338167858452976,122.459584056215,97.62320572057428,25.428412754094524,0.9999732667878064,6713.026265137572,0.0129492523822234,88.94507268807685,0.9363370588412118,140.3454104666175,0.4210261849387785,1800,569700,587699,0.0015552999975625,88.94507268807685,0.923287395254172,140.3454104666175,0.4210261849387785
earth,IU_ANMO,ANMO,earth,dropout,1800s_r02,1,1800.0,569700,587699,FFT,24.848452463937395,2.840230913405508,172.1551286279985,136.33108384346443,22.469869050105213,0.9999504374016124,9466.71726542217,0.1933543312361858,18.86932463960442,0.2629299185329932,27.49034827223247,0.0075791846731271,1800,569700,587699,0.0523093999945558,18.86932463960442,0.2583315835262221,27.49034827223247,0.0075791846731271
earth,IU_ANMO,ANMO,earth,dropout,1800s_r02,1,1800.0,569700,587699,SSA,17.456761553350354,2.0057045470341794,120.94399178407124,96.2738182576406,25.536582383918297,0.9999736435152072,6702.417087262531,0.0128984359138637,89.32047501216505,0.3521355375151133,140.42605059452274,0.170908588137982,1800,569700,587699,54.22775489999913,89.32047501216505,0.30866933927092,140.42605059452274,0.170908588137982
earth,IU_ANMO,ANMO,earth,dropout,1800s_r02,1,1800.0,569700,587699,UNet,17.554392335624723,2.01950772606161,121.62039768519884,96.93637085095727,25.48813997034476,0.9999725687928708,6706.679868808716,0.1169440885897726,91.76592881997166,0.299752313953642,144.14090784753336,0.1228166322861934,1800,569700,587699,0.0699803000024985,91.76592881997166,0.2720748561047765,144.14090784753336,0.1228166322861934
earth,IU_ANMO,ANMO,earth,dropout,1800s_r02,1,1800.0,569700,587699,DSSRR,23.634963562794635,2.7137590560171736,163.74783090319775,130.26043468882432,22.904757238009715,0.9999587788552828,9095.484772126409,0.1102457454359176,8.369936598159757,0.1012906438739688,10.7582138248881,0.0011658099539477,1800,569700,587699,1.0815056000137702,8.369936598159757,0.0941499182446663,10.7582138248881,0.0011658099539477
earth,IU_ANMO,ANMO,earth,dropout,1800s_r03,1,1800.0,781900,799899,Linear,25.36099120984101,3.0530639592886923,175.70610122300928,146.54707004585725,22.292531509629697,0.9999528356537544,6850.173603983155,0.0138548612311119,136.62022434967264,0.948600323446776,31.83822290845844,0.4158579564481296,1800,781900,799899,0.0056412999983876,136.62022434967264,0.9315029722542894,31.83822290845844,0.4158579564481296
earth,IU_ANMO,ANMO,earth,dropout,1800s_r03,1,1800.0,781900,799899,CubicSpline,25.411646442988832,3.055987554387851,176.05705097293435,146.68740261061683,22.275199894372463,0.9999528505895428,6850.177449394061,0.0141065872069282,137.71838108501714,0.9280383564924616,47.31538221105816,0.4151358839735334,1800,781900,799899,0.0020418999774847,137.71838108501714,0.9009515995286445,47.31538221105816,0.4151358839735334
earth,IU_ANMO,ANMO,earth,dropout,1800s_r03,1,1800.0,781900,799899,FFT,23.45398808874809,2.7052942022930075,162.49399603930786,129.85412171006436,22.971521974926706,0.9999528485002804,9373.222957303004,0.0421582273337935,7.0463232668709725,0.1209184276939109,5.017785617403134,0.006658750300888,1800,781900,799899,0.0492544000153429,7.0463232668709725,0.1169604206270957,5.017785617403134,0.006658750300888
earth,IU_ANMO,ANMO,earth,dropout,1800s_r03,1,1800.0,781900,799899,SSA,24.96484920753356,2.992581587349802,172.96154892297497,143.64391619279053,22.42927703651775,0.9999545060012042,6819.052927855433,0.0180218871430575,132.9268200556846,0.8641604796353305,29.59824185408732,0.2146105914678512,1800,781900,799899,56.252418999996735,132.9268200556846,0.8322549846718166,29.59824185408732,0.2146105914678512
earth,IU_ANMO,ANMO,earth,dropout,1800s_r03,1,1800.0,781900,799899,UNet,16.959942142433793,1.9566259408081936,117.50192593649554,93.91804515879328,25.787368652857584,0.9999687138161422,6843.337242070213,0.1675967243710974,65.7522100642896,0.943063084251472,105.51898357895288,0.1328664134868639,1800,781900,799899,0.0782097000046633,65.7522100642896,0.9274667558065968,105.51898357895288,0.1328664134868639
earth,IU_ANMO,ANMO,earth,dropout,1800s_r03,1,1800.0,781900,799899,DSSRR,28.757349028115687,3.2953104562359417,199.2367584307513,158.1749018993252,21.200879010328485,0.9998169390402334,9617.00728743574,0.1098136570050799,20.71203753906228,0.1738301081872183,32.737752873659055,0.063741190400375,1800,781900,799899,1.0934982000035234,20.71203753906228,0.1546581931344557,32.737752873659055,0.063741190400375
