anomaly,method,rmse_anom,wasserstein,acf_l2,envelope,spec_ent,psd_cos
dropout_long,CubicSpline,0.4945380469881299,0.3377730857712537,0.6758716693520376,0.18811932749451243,0.46489579096504174,0.031993636609720676
dropout_long,DSSRR,0.5857978456912418,0.22696947030917572,0.21259354464865418,0.2245110773739264,0.4092032186613133,0.5038595786395663
dropout_long,FFT,0.43063138341918533,0.17760697256092725,0.2987611532199918,0.2726825718990004,0.19969767642335323,0.4308227361222137
dropout_long,Linear,0.4784931237409946,0.31148541874272273,0.7052969424262873,0.19674762663350254,0.5009924307273342,0.0315367394496174
dropout_long,SSA,0.3997737289429321,0.2297778585594952,0.35205970503426576,0.24623186041059406,0.19025064493180946,0.2712398441661555
dropout_long,UNet,0.37527842787616433,0.23183182221795004,0.37631132975932163,0.35272570368535044,0.2960480167459545,0.033597238187882454
dropout_short,CubicSpline,0.382197601883906,0.2419011073044045,0.4282041178679474,0.20483653841161983,0.4016913904096546,0.40374224152568666
dropout_short,DSSRR,0.46586541309686486,0.21552217700897636,0.19511630634379273,0.2038252219241579,0.3478815444767387,0.6375400448183531
dropout_short,FFT,0.31058911756685953,0.1385001477856099,0.2834294526604552,0.19661004074873623,0.21541182952419632,0.5401991688210771
dropout_short,Linear,0.3675771291613608,0.2199654054092324,0.45946214165773863,0.20606429290186443,0.44438193356892297,0.3991590210030363
dropout_short,SSA,0.34081749614807394,0.20378511115879758,0.32765294405972695,0.1899045994447476,0.12546884613034873,0.38915713877077734
dropout_short,UNet,0.27214450875792756,0.16077678209395105,0.22346532299656385,0.2173884206091542,0.1222482638254469,0.5752613396212031
noise_burst,CubicSpline,0.40099345679449705,0.2683445276956714,0.396343001356273,0.16623313918017563,0.4030550356734079,0.5374033110782587
noise_burst,DSSRR,0.5121118652931871,0.2504667495812549,0.2063557611582385,0.23105199865194123,0.30354277035784344,0.7171904817457334
noise_burst,FFT,0.4259412957378242,0.1807301429115916,0.3145631914379841,0.22838397158697513,0.24053441666083766,0.6271084056688891
noise_burst,Linear,0.38922507110014254,0.2578413987631079,0.40705406793407617,0.17764545707687787,0.4302696817560295,0.532871592888393
noise_burst,SSA,0.3401158653229057,0.22278655798925343,0.3047108088596227,0.163425072085581,0.13003311535310616,0.6829793191808022
noise_burst,UNet,0.271092215722261,0.16172580096162092,0.19573922039328903,0.21375289284504562,0.10952360662017113,0.817256366765115
saturation,CubicSpline,0.34917208832240837,0.23605669096525808,0.4973930482232281,0.18216894837378542,0.4207168478222662,0.18420134510264677
saturation,DSSRR,0.3896865590798693,0.19108646268207571,0.22155018407430083,0.2047673606687699,0.4932025622746325,0.41880172431767604
saturation,FFT,0.3365109218031503,0.10086689728482769,0.2881134652338871,0.13826224490293756,0.1874093937155471,0.6159739917395981
saturation,Linear,0.3446063049111876,0.22559921618104536,0.5143702188655025,0.18551881316499996,0.45713114514057285,0.18167943186547797
saturation,SSA,0.2944920371945363,0.18028617029161823,0.3104266559944956,0.21058665888902317,0.1656185621560326,0.3869520972584299
saturation,UNet,0.27366111064986187,0.17588500013381833,0.2670219087158842,0.22999594851977256,0.17461533274070198,0.25568665633562665
spike,CubicSpline,0.05704403900208318,0.05704403900208318,,,,
spike,DSSRR,0.4553666196970581,0.4553666196970581,,,,
spike,FFT,0.29514140663164956,0.29514140663164956,,,,
spike,Linear,0.06295391038634571,0.06295391038634571,,,,
spike,SSA,0.04676736831263988,0.04676736831263988,,,,
spike,UNet,0.12176500381931055,0.12176500381931055,,,,
step,CubicSpline,0.5103634688401651,0.35965725053132375,0.47883920077972236,0.24895060784393022,0.4165084813968922,0.18644634136662416
step,DSSRR,0.5765015044331824,0.27142490787317486,0.20237219901086897,0.32387598252565913,0.3871756238727142,0.508291388813899
step,FFT,0.42718402402631556,0.16459270396182166,0.26696748583199525,0.25681832318126735,0.22452953843944093,0.5933991183171115
step,Linear,0.49081392800428264,0.3240900565263989,0.5137237254923387,0.24762406391240643,0.463683261873437,0.18269952434305156
step,SSA,0.45459635149720534,0.2822383774311901,0.3152581696043318,0.2629140181975724,0.178918009637743,0.37420881829683256
step,UNet,0.39593275887676954,0.24381142709064005,0.2782616676748116,0.3394882829735673,0.19116987461436377,0.2540238651891597
