gap_sec,method,metric,n,n_values,n_records,median,q1,q3,mean,sd,ci_lo,ci_hi,ci_mean_lo,ci_mean_hi,ci_lo_cluster,ci_hi_cluster
60,Linear,wasserstein,6,6,,78.64350127875515,64.53182940644403,88.03684767985982,77.10362259680797,31.83693325427159,46.09009853762947,106.57726797403927,54.36737851385046,100.31503703996951,,
60,Linear,acf_l2,6,6,,0.539039391493468,0.5375115809509668,0.5696889729492112,0.5500775489894256,0.025040668149113012,0.5298067986513458,0.581386456823463,0.533164935230042,0.5677762021854239,,
60,CubicSpline,wasserstein,6,6,,91.41151829376861,86.90710715441031,113.01327439209982,90.22819129810769,34.309590531208336,57.01484695954943,122.25820864100501,63.78120427047753,112.0119719647865,,
60,CubicSpline,acf_l2,6,6,,0.5641793977956503,0.4628137535362683,0.5653493968920651,0.5206112437847796,0.07155238071468234,0.42834870571671924,0.5693056278419694,0.47328012494909477,0.5675968844931963,,
60,FFT,wasserstein,6,6,,11.801159416862102,10.911047701267714,15.476718141474052,11.965272725320853,5.464035092272865,6.703926353638467,17.390732405461993,7.850288423717279,15.651760983289014,,
60,FFT,acf_l2,6,6,,0.21695226687923824,0.18717274345374085,0.2617310325037507,0.22747364792416827,0.06619791153588876,0.16287688056906854,0.3025917963241982,0.18090200933912512,0.27761184022430646,,
60,SSA,wasserstein,6,6,,84.27885022588508,79.2568497126662,86.58574879555871,75.31450063968906,24.202820301305316,52.54914377511486,89.11550791806724,55.29378812980627,87.69219258688095,,
60,SSA,acf_l2,6,6,,0.27356240239136587,0.24415072784889447,0.30802236312877934,0.3006086864994495,0.10465694744981213,0.2235472297507968,0.4047164273561859,0.23802881826417252,0.3850550972747114,,
60,UNet,wasserstein,6,6,,81.9015991026811,62.111399613486995,85.0036245990029,71.43430002382725,21.757619053640816,45.11256046618986,87.28874050261078,54.30218796339998,85.2588996070226,,
60,UNet,acf_l2,6,6,,0.24384499580543015,0.21951015379434052,0.41641747948457264,0.31996184512676323,0.15242092557472126,0.2036054854031165,0.5124350541717432,0.21875795986946311,0.4362248546048429,,
60,DSSRR,wasserstein,6,6,,17.786484314341894,9.362298632405178,27.391517634459994,18.378152433094193,11.323606185919843,6.215206852624073,31.13276613231662,10.15638484166746,26.68400552632504,,
60,DSSRR,acf_l2,6,6,,0.24568787808029097,0.22370725716735218,0.29697066426376695,0.25422870964761113,0.0713127552984865,0.18650952376977098,0.3304887270927715,0.20112929442404293,0.3042510167069232,,
300,Linear,wasserstein,5,5,,97.03342758775364,66.68085394584618,97.94426119858208,81.51162488305337,43.37270633243286,15.298915080565902,130.60066660251908,46.128078399734065,111.10325626823142,,
300,Linear,acf_l2,5,5,,0.8782909313199826,0.875237396042679,0.8798985190111022,0.8776942816399528,0.0034930411713109755,0.8731924288410112,0.8818521329849883,0.874942640315363,0.8803584470624328,,
300,CubicSpline,wasserstein,5,5,,96.4084378580086,83.08650431221194,99.76659382283438,94.27682529299054,25.2596299328201,61.52202528762789,130.6005651842699,75.33773326695629,114.9309587375712,,
300,CubicSpline,acf_l2,5,5,,0.9051971371633328,0.8494785519545841,0.9080347829345916,0.8831035349340073,0.034844763952088284,0.8408612448052841,0.9119459578122432,0.8560194138610056,0.9090317237314004,,
300,FFT,wasserstein,5,5,,12.062514362653808,11.28958213364985,12.216412442586767,11.947481414906816,3.195554162907867,7.596110989232697,16.572787146410956,9.413451954587732,14.644871203093896,,
300,FFT,acf_l2,5,5,,0.0977306834050446,0.0942214270703153,0.0991223516566107,0.10173501610166051,0.02343379213858186,0.0770401217894664,0.1405604965868656,0.08531634643569767,0.12300505369750456,,
300,SSA,wasserstein,5,5,,87.45061809223769,74.48573958965632,88.33919041289757,80.68900118171099,27.190873366272616,39.29559534914342,113.87386246461996,58.55760444638113,100.71158901515078,,
300,SSA,acf_l2,5,5,,0.6761960653437104,0.4359255933715366,0.842008153681129,0.6182655293361787,0.2588852743395477,0.2715398025309293,0.8656580317535879,0.4182253714297284,0.8183056872426289,,
300,UNet,wasserstein,5,5,,66.97616755169065,65.70705695154489,75.63159205978486,63.230662288002314,22.86317998105275,24.39340534237416,83.44508953461705,42.90377300769045,78.33478352303618,,
300,UNet,acf_l2,5,5,,0.8033030834924629,0.6964106073691516,0.8051637527247014,0.6734293025553841,0.26745718922675893,0.2064127416775507,0.8558563275130538,0.43430103198297154,0.8250686487935948,,
300,DSSRR,wasserstein,5,5,,28.0761387433318,21.6523601305133,28.458073980603324,25.289820212608895,9.252315329677227,11.70740937669814,36.55511883189793,17.674379828987234,31.955158121362082,,
300,DSSRR,acf_l2,5,5,,0.1766198509123142,0.1586305981833632,0.2320446197423537,0.19706436072334163,0.07902748795163093,0.1051455011319084,0.3128812336467687,0.1408344099085715,0.2643792653041197,,
600,Linear,wasserstein,4,4,,55.906985812764916,45.04270515070665,71.78463236580536,60.9203517037471,24.379517728185537,38.23137847314904,93.63605671630953,42.77226292485412,82.05532938137193,,
600,Linear,acf_l2,4,4,,0.9438981446738564,0.942000257721203,0.9459241985582514,0.9440263116055982,0.005195066387667461,0.9378143177846842,0.950494639289996,0.9394609179170973,0.948719872225841,,
600,CubicSpline,wasserstein,4,4,,68.58078223919566,63.59019147423194,78.55306878917692,73.56247802421319,14.395066866096666,63.12286010448942,93.96548751397208,63.434414350984426,86.41060778484892,,
600,CubicSpline,acf_l2,4,4,,0.8916591291479128,0.8636057019419653,0.9319257320431806,0.9038723048372331,0.05097414723222634,0.8629378773712062,0.9692330836819008,0.8633830937517122,0.944361515922754,,
600,FFT,wasserstein,4,4,,5.169894439319211,3.3385134366074327,9.333396139181458,7.502015136469678,6.362345179236712,2.9854230481653903,16.6828486190749,3.220816640460085,13.37618902249487,,
600,FFT,acf_l2,4,4,,0.09557530066954051,0.08970897479638623,0.1049514145298895,0.09908508865673522,0.0122933127655459,0.0896364710700814,0.1155532822177785,0.08968480688761794,0.1090982473396225,,
600,SSA,wasserstein,4,4,,60.75005948709558,52.4729393996304,72.86541750032558,64.58829741286038,19.632802739171563,45.79733870214968,91.05573197510074,50.24773916713683,81.96633388935655,,
600,SSA,acf_l2,4,4,,0.9280786201485551,0.8321251676638589,0.9343512116301855,0.8383977591454892,0.18689562416900266,0.5582228022831165,0.93921099400173,0.6518499227555884,0.9359711390873671,,
600,UNet,wasserstein,4,4,,71.54824929793217,67.07303062780063,78.77389452602281,74.29867585589128,10.988303722728745,64.70401063151758,89.39419419618315,66.28335729570628,84.01132163711111,,
600,UNet,acf_l2,4,4,,0.925854632339818,0.7596114814172348,0.9451607778145604,0.7789176268919771,0.31214079959323116,0.3115407584361389,0.9524204844521336,0.4693407877276132,0.9475806800270847,,
600,DSSRR,wasserstein,4,4,,20.017625098257266,10.71305994387054,29.12865889517879,19.824093740792065,12.831097177689182,5.942230773352147,33.31889399330158,9.122783553697742,30.525403927886387,,
600,DSSRR,acf_l2,4,4,,0.16062586537221674,0.12244712518931342,0.20621818701309705,0.16803944683019373,0.0622721166407677,0.1076127174228214,0.24329333915352,0.11750232260048274,0.21857657105990472,,
1800,Linear,wasserstein,3,3,,112.50194330548914,101.40165063188942,124.56108382758089,113.14117520448383,23.166048627489648,90.30135795828971,136.62022434967264,90.30135795828971,136.62022434967264,,
1800,Linear,acf_l2,3,3,,0.9315029722542894,0.9237932487102409,0.9486791647327739,0.9378139515439133,0.02547901412881023,0.9160835251661924,0.9658553572112584,0.9160835251661924,0.9658553572112584,,
1800,CubicSpline,wasserstein,3,3,,137.71838108501714,113.33172688654699,149.61395470424605,129.39099403218967,36.99201382408256,88.94507268807685,161.509528323475,88.94507268807685,161.509528323475,,
1800,CubicSpline,acf_l2,3,3,,0.923287395254172,0.9121194973914082,0.9411033230048342,0.9277194151794377,0.029236864531836382,0.9009515995286445,0.9589192507554964,0.9009515995286445,0.9589192507554966,,
1800,FFT,wasserstein,3,3,,11.192806123292948,9.11956469508196,15.031065381448684,12.369484676589446,5.998688996627114,7.0463232668709725,18.86932463960442,7.046323266870973,18.86932463960442,,
1800,FFT,acf_l2,3,3,,0.1169604206270957,0.09527345779321895,0.1876460020766589,0.1496261663708867,0.09660732449532268,0.0735864949593422,0.2583315835262221,0.0735864949593422,0.2583315835262221,,
1800,SSA,wasserstein,3,3,,110.36660629551824,99.84354065384164,121.64671317560142,110.87130045445595,21.807553030066668,89.32047501216505,132.9268200556846,89.32047501216505,132.9268200556846,,
1800,SSA,acf_l2,3,3,,0.8322549846718166,0.5704621619713683,0.8859841532865009,0.693545881947974,0.3376155926305934,0.30866933927092,0.9397133219011852,0.30866933927092,0.9397133219011852,,
1800,UNet,wasserstein,3,3,,70.76589501296941,68.2590525386295,81.26591191647054,76.09467796574357,13.801280255587287,65.7522100642896,91.76592881997166,65.7522100642896,91.76592881997165,,
1800,UNet,acf_l2,3,3,,0.9274667558065968,0.5997708059556867,0.9330185833999374,0.7127040076348837,0.3816364234100734,0.2720748561047765,0.938570410993278,0.2720748561047765,0.938570410993278,,
1800,DSSRR,wasserstein,3,3,,8.369936598159757,6.185192017178334,14.540987068611019,11.027473857806315,8.66695962586386,4.000447436196912,20.71203753906228,4.000447436196912,20.71203753906228,,
1800,DSSRR,acf_l2,3,3,,0.0941499182446663,0.0853040827869661,0.124404055689561,0.10842211956946264,0.041007068646457694,0.0764582473292659,0.1546581931344557,0.0764582473292659,0.1546581931344557,,
