method,metric,n,n_values,n_records,median,q1,q3,mean,sd,ci_lo,ci_hi,ci_mean_lo,ci_mean_hi,ci_lo_cluster,ci_hi_cluster
Linear,wasserstein,36,36,6,1.3918916614347907,0.863160539394499,2.5944459468437318,1.7632888290730448,1.1865991497715747,1.026753625440299,1.9601727172960364,1.397007872293514,2.1566904753672342,0.6847711331086577,2.9598762416790563
Linear,envelope_dist,36,36,6,1.3911037413406317,0.8630254490935936,2.597525288911545,1.762069047100999,1.1849741241841167,1.02468455281422,1.9587515270650835,1.3961302298979479,2.1553245518354465,0.6849806917425347,2.957585943079589
Linear,spec_entropy_err,36,36,6,0.3552081419658396,0.3076079204255518,0.5265000247722702,0.39875172743806425,0.1318281560369383,0.3249452976840178,0.4200900376166494,0.35730472724342816,0.4421538354459614,0.274967764566396,0.5741237680317854
Linear,acf_l2,36,36,6,0.9332052739421504,0.7869661028105026,0.9723125971741137,0.813508883789079,0.2510683049804482,0.8324094321942398,0.9517199651399992,0.7288709989118235,0.8893134659770743,0.8283255167598329,0.9789108987763733
CubicSpline,wasserstein,36,36,6,1.3372610686602473,0.844988354417912,2.5689505007369418,1.739033425609832,1.1763133744161653,1.0552085870148507,1.9050378541587192,1.375757607214905,2.129878975790297,0.7271270103003118,2.8961979527178157
CubicSpline,envelope_dist,36,36,6,1.3363134111764974,0.8443850491069738,2.572029484899279,1.7377679882452215,1.1747762322804283,1.0549881718584255,1.9020582504556824,1.3743517500133764,2.128613856753793,0.7273054547863299,2.89207835123148
CubicSpline,spec_entropy_err,36,36,6,0.3489414030326511,0.30613864068335045,0.5264575779082661,0.39588780603353846,0.1320649689644928,0.3172052917417179,0.41905392195411734,0.3543072271751023,0.4393511930558867,0.2739740957775928,0.5672913584188257
CubicSpline,acf_l2,36,36,6,0.9410244423083352,0.8061173195518989,0.9869282859908095,0.8249854035149226,0.2553140447949629,0.8528396615709868,0.97537336172937,0.739398604830955,0.9014850663906875,0.857409878231504,0.9927914853495643
FFT,wasserstein,36,36,6,0.5990934754218616,0.3392081008629724,1.138297728813066,0.8764995816582074,0.7367735435661492,0.377837124587763,0.9367144898128376,0.6522243098822129,1.1284642374787477,0.3151450493581506,1.286956427719781
FFT,envelope_dist,36,36,6,0.5978256354341207,0.33719083266642597,1.1375759678988595,0.8756404937461864,0.7375330381346369,0.377564090058506,0.9333756322088482,0.6511459674167934,1.1279892581993056,0.31445604792965803,1.2869930988048799
FFT,spec_entropy_err,36,36,6,0.051082286970730056,0.026459235872029425,0.10634730492321331,0.07321694876737447,0.06413386755466664,0.0328709678665068,0.0741653732217656,0.05360462525863295,0.09490668974014387,0.0245138867914041,0.13927316013318758
FFT,acf_l2,36,36,6,0.08138552165471315,0.057659525797799725,0.11492595198462392,0.10090661598261708,0.062344725941665256,0.0658077341072665,0.0976792309082307,0.08205288778034785,0.12192743761461707,0.06064282103168167,0.10563120641524802
SSA,wasserstein,36,36,6,1.3888570883084865,0.8616444141284104,2.579486574662977,1.7575464821293452,1.1877222552872542,1.02261410453363,1.9606019252689304,1.390280978090582,2.1519281468974536,0.6738881960376144,2.9564161079489644
SSA,envelope_dist,36,36,6,1.3880688112518165,0.8615107642515759,2.5825658600172545,1.756319219274194,1.1861212074531866,1.0155224891218466,1.959205966920584,1.390065095374619,2.149707401513916,0.6740984826689658,2.953987705777349
SSA,spec_entropy_err,36,36,6,0.25836506922762814,0.11094495490375796,0.32257564534533045,0.2329634440262064,0.1220332628742922,0.19834204325494553,0.3027777647844271,0.19365112981633356,0.27195943365884645,0.13489354664306152,0.32729010855894797
SSA,acf_l2,36,36,6,0.8946487256360579,0.7044763863034984,0.9699455728591274,0.7856102178516473,0.25611065483443923,0.7767875139228837,0.9424314702622524,0.7005344209805575,0.8641430519106741,0.692120573704167,0.9739044368952565
UNet,wasserstein,36,36,6,1.2005266035227906,0.7739430132907175,1.8650100712171063,1.395017737455846,0.7514357327791505,0.9223126131133712,1.7395791301909678,1.163514636277826,1.6394893125881478,0.6458182100122181,2.275050780715638
UNet,envelope_dist,36,36,6,1.1995086038556249,0.7740389098527458,1.8659476150108398,1.3946210911352572,0.7511804424800715,0.9217144271699772,1.7380216614000954,1.1632237328899064,1.63913388272665,0.6457222149350229,2.273790772607808
UNet,spec_entropy_err,36,36,6,0.09948109307686795,0.05001664360381978,0.24746847610418798,0.15910593699301076,0.14427331728610035,0.0654946463525145,0.1805430684109124,0.11525584037303876,0.2075972850985211,0.04112858745293792,0.3468519498222816
UNet,acf_l2,36,36,6,0.8681175380123064,0.5450309458365418,0.9455702184721724,0.749239298581107,0.2534980377381726,0.6851715094810482,0.9322394907634354,0.6665218216399487,0.8285655239082348,0.6872204554888754,0.9575584680887986
DSSRR,wasserstein,36,36,6,0.3248002477318503,0.19880914555286183,0.47875799793592944,0.370464170097936,0.25220392899880134,0.2553877965919706,0.3985908404630096,0.2941475322727327,0.45363610618011097,0.1604458483790014,0.4190557037346299
DSSRR,envelope_dist,36,36,6,0.3251846589149697,0.1989545785195331,0.4793489819471078,0.3705374482532169,0.2520409494253474,0.2554266100254752,0.3983223681613742,0.29426940688652453,0.45369097105149686,0.16044294436276874,0.41926431613511445
DSSRR,spec_entropy_err,36,36,6,0.0275697162515006,0.01531841423547015,0.04609976271892035,0.03778437738048865,0.03743687743980679,0.0189191468591599,0.042134657706858,0.026668251253869193,0.05084851283335108,0.01933922670308555,0.0587017645857404
DSSRR,acf_l2,36,36,6,0.19406402263196598,0.11517527965914036,0.26088948567246867,0.20721618022081767,0.11133917732542685,0.1348698990815556,0.2407989262999715,0.17274755314780832,0.24387318088375892,0.12339180140851932,0.25449386354740827
