length_min,method,metric,n,n_values,n_records,median,q1,q3,mean,sd,ci_lo,ci_hi,ci_mean_lo,ci_mean_hi,ci_lo_cluster,ci_hi_cluster
2.0,Linear,wasserstein,4,4,4,1.9311575127834908,1.465160652698877,2.5148598229541683,2.0488629628695545,0.7062571213552479,1.454863716323146,2.878273109588091,1.4617283405736332,2.6359975851654758,1.454863716323146,2.878273109588091
2.0,Linear,acf_l2,4,4,4,0.5193870676535379,0.32901146188478936,0.7036157425055188,0.5132401367367702,0.24854204415180023,0.2510438740184161,0.7631425376215889,0.30302226592933157,0.7234580075442089,0.2510438740184161,0.7631425376215889
2.0,Linear,std_ratio,4,4,4,0.30541123179616314,0.19847819647476284,0.5070691394259454,0.4001361041045452,0.41991703805806,0.0,0.9897219528258544,0.08654621707316063,0.8084508634443118,0.0,0.9897219528258544
2.0,FFT,wasserstein,4,4,4,0.9617700848840349,0.8965377427914065,1.1050222692686713,1.039789927176043,0.3189227923743164,0.7433871520700841,1.4922323868660177,0.8015284215699521,1.3560712750741417,0.7433871520700841,1.4922323868660177
2.0,FFT,acf_l2,4,4,4,0.23510583501291066,0.1611591036050993,0.33035455972043404,0.2564078283126227,0.13624362883974606,0.1258173995060642,0.4296022437186054,0.14937853557208758,0.3654366006984818,0.1258173995060642,0.4296022437186054
2.0,FFT,std_ratio,4,4,4,0.9215177292014349,0.8397834947686948,0.9718279307965997,0.8900936963638596,0.21143362366607263,0.6035768686668587,1.11376245838571,0.6838117569002015,1.0649516029899426,0.6035768686668587,1.11376245838571
2.0,SSA,wasserstein,4,4,4,1.9214258578671914,1.4337512171920719,2.510520762068575,2.0228461213934557,0.7364264192678105,1.3646454963205708,2.8838872735188694,1.4107159769015714,2.6349762658853404,1.3646454963205708,2.8838872735188694
2.0,SSA,acf_l2,4,4,4,0.5108761230039472,0.32207183807199524,0.6911656666789183,0.5023613817469664,0.2532291037185461,0.2266491567504009,0.7610441242295701,0.2902642776314638,0.714458485862469,0.2266491567504009,0.7610441242295701
2.0,SSA,std_ratio,4,4,4,0.3081030597781629,0.2517009109044781,0.5122745834824269,0.45587243460874216,0.36117664497057933,0.2163291642101872,0.9909544546684554,0.2399103286730478,0.8090887142853187,0.2163291642101872,0.9909544546684554
2.0,DSSRR,wasserstein,4,4,4,0.5640703517587938,0.4079773869346733,0.8624371859296482,0.7063442211055275,0.47046173207724795,0.3241206030150754,1.3731155778894473,0.3800251256281406,1.138819095477387,0.3241206030150754,1.3731155778894473
2.0,DSSRR,acf_l2,4,4,4,0.22456958950050593,0.1724641215506847,0.3096000068517482,0.257494538901927,0.15897935047733744,0.1036218584152056,0.4772171181914904,0.1411483029126961,0.4067657242925789,0.1036218584152056,0.4772171181914904
2.0,DSSRR,std_ratio,4,4,4,1.0247417326714032,0.9865590302484544,1.194054419507803,1.1558717170848543,0.35608355326983826,0.8923408638218044,1.6816625391748057,0.927135242771054,1.5157381758121053,0.8923408638218044,1.6816625391748057
2.443662254246677,Linear,wasserstein,4,4,4,1.8855185692715666,1.56685445294558,2.231751900067248,1.9130877837412608,0.8271704535602556,0.9340844784489868,2.9472295179729238,1.198878199028079,2.654866582924137,0.9340844784489868,2.9472295179729238
2.443662254246677,Linear,acf_l2,4,4,4,0.593936743741052,0.5477050668948333,0.6693225925220565,0.6230909156758377,0.10757177404232207,0.5342885625516456,0.7702016126696016,0.5432328987804373,0.7156955182545086,0.5342885625516456,0.7702016126696016
2.443662254246677,Linear,std_ratio,4,4,4,0.15289275297368696,0.05627269731471082,0.3077716962123006,0.21115164055332447,0.23865288037144597,0.0,0.5388210562659239,0.03751513154314055,0.4228733579710132,0.0,0.5388210562659239
2.443662254246677,FFT,wasserstein,4,4,4,1.4096187660209145,0.9270154776791536,1.9515731258458944,1.4689698375041336,1.0504280342483168,0.2720533406084805,2.784588477366224,0.6225153409578066,2.374775405533679,0.2720533406084805,2.784588477366224
2.443662254246677,FFT,acf_l2,4,4,4,0.22894244046485052,0.21413294512515518,0.24898904732006635,0.234179551980371,0.04474134273280912,0.1853746131774066,0.2934587138143765,0.19757241617187904,0.27602379930438353,0.1853746131774066,0.2934587138143765
2.443662254246677,FFT,std_ratio,4,4,4,0.8768786370187875,0.8404697905039142,0.8984722732071476,0.8620634266922743,0.07590426861067817,0.7570872858367205,0.9374091468948016,0.7891887932053561,0.9201228498526792,0.7570872858367205,0.9374091468948016
2.443662254246677,SSA,wasserstein,4,4,4,1.837005308080782,1.4977840887686202,2.2271276640655597,1.887906444753398,0.8231842442207892,0.9452120233764344,2.9324031394755936,1.2069179772645462,2.619796048914866,0.9452120233764344,2.9324031394755936
2.443662254246677,SSA,acf_l2,4,4,4,0.5422884688789242,0.535470459718575,0.5538916367665924,0.5470736276062431,0.019094477754096745,0.5300408666682767,0.5736767059988471,0.5336605953684755,0.564577610516304,0.5300408666682767,0.5736767059988471
2.443662254246677,SSA,std_ratio,4,4,4,0.16219536947129073,0.08917717835445944,0.31028093305627813,0.23726274193944683,0.21456497009105246,0.0826127366340891,0.5420474921811167,0.08698903111433601,0.42937695053448327,0.0826127366340891,0.5420474921811167
2.443662254246677,DSSRR,wasserstein,4,4,4,0.5046296296296297,0.3870884773662553,0.6265432098765431,0.5090020576131687,0.2934118080677072,0.1563786008230452,0.8703703703703705,0.25360082304526743,0.7687757201646093,0.1563786008230452,0.8703703703703705
2.443662254246677,DSSRR,acf_l2,4,4,4,0.2825112519438077,0.1900234065636688,0.37650332364255834,0.28401547826241946,0.11420674314583502,0.1769123828090719,0.3941270263529904,0.1856530653121365,0.3823778912127024,0.1769123828090719,0.3941270263529904
2.443662254246677,DSSRR,std_ratio,4,4,4,0.9549386268330389,0.8865199561253774,1.0029010731536498,0.9344824024459883,0.0861101595487396,0.8245613647283109,1.003490991389565,0.8658670923263552,1.0030977125656215,0.8245613647283109,1.003490991389565
2.985742606414975,Linear,wasserstein,4,4,4,1.8079786917192138,1.5724473037025688,2.1165158322908955,1.8809844442742503,0.8544025934584087,0.912788372350293,2.9951920213082803,1.1404972215839948,2.6944774195195422,0.912788372350293,2.9951920213082803
2.985742606414975,Linear,acf_l2,4,4,4,0.7613902392262961,0.6928232047912546,0.8322205609169586,0.7636535264819171,0.09638703170873064,0.6636228536444148,0.8682107738306613,0.6830897544089747,0.8442172985548595,0.6636228536444148,0.8682107738306613
2.985742606414975,Linear,std_ratio,4,4,4,0.3166176503952915,0.23126308525743167,0.3975854284992704,0.3122308633614106,0.10267113839362267,0.2094837038240194,0.4062044488310401,0.22400329144629424,0.400458435276527,0.2094837038240194,0.4062044488310401
2.985742606414975,FFT,wasserstein,4,4,4,0.5659057329577549,0.495737041331493,0.6696044758278573,0.5994357842015954,0.18385193404232408,0.4172900652459299,0.848641605644942,0.46544890707332137,0.76695271257371,0.4172900652459299,0.848641605644942
2.985742606414975,FFT,acf_l2,4,4,4,0.1829082215515668,0.16983633732924905,0.2010501701009591,0.18797828587864135,0.03315915948101578,0.1538306521846562,0.2322660482267756,0.16303420848658054,0.2179924275977767,0.1538306521846562,0.2322660482267756
2.985742606414975,FFT,std_ratio,4,4,4,0.921415862620006,0.898625811802367,0.9470735967603174,0.9242835459426785,0.05737001075555005,0.8575994191000437,0.9967030394306582,0.8758321766259171,0.9756025985821124,0.8575994191000437,0.9967030394306582
2.985742606414975,SSA,wasserstein,4,4,4,1.8109065416154877,1.569999828188377,2.122398627611258,1.8814919141841475,0.8673633798978204,0.8945965567056203,3.0095580167999945,1.1276171253329685,2.7059520756039865,0.8945965567056203,3.0095580167999945
2.985742606414975,SSA,acf_l2,4,4,4,0.7290109690159909,0.6005851641787958,0.8285609528346498,0.7001351479974546,0.17334762991008762,0.4829912498622275,0.8595274040956089,0.5613871927399396,0.8388831032549695,0.4829912498622275,0.8595274040956089
2.985742606414975,SSA,std_ratio,4,4,4,0.34871336486811966,0.2786037346530931,0.39855379685753967,0.32844416664251314,0.09177333070527971,0.210354300266498,0.4059956365673152,0.2558539231908948,0.4010344100941315,0.210354300266498,0.4059956365673152
2.985742606414975,DSSRR,wasserstein,4,4,4,0.3951137320977254,0.2586352148272957,0.7782224094355519,0.6417438921651222,0.6806650467944332,0.1373209772535805,1.6394271272114578,0.2181971356360573,1.3043386689132268,0.1373209772535805,1.6394271272114578
2.985742606414975,DSSRR,acf_l2,4,4,4,0.3275230584850004,0.1419788075156841,0.5681652916623986,0.3826210406930823,0.30267810274345863,0.1226427453844121,0.7527953004179161,0.13553345347192675,0.6297086279142378,0.1226427453844121,0.7527953004179161
2.985742606414975,DSSRR,std_ratio,4,4,4,1.0271160444331282,0.9935653721786606,1.2592411708200457,1.2256904985655779,0.45015804157013084,0.9502026228660632,1.8983272825299924,0.9742050838787298,1.675750367384876,0.9502026228660632,1.8983272825299924
3.6480732540961824,Linear,wasserstein,4,4,4,1.9121665878761298,1.4962152063837424,2.0621892282894096,1.6462378467970222,0.747789234316202,0.5513666835639145,2.209251527871915,0.916817128113413,2.1112099948169116,0.5513666835639145,2.209251527871915
3.6480732540961824,Linear,acf_l2,4,4,4,0.7526220896059804,0.6924547975861478,0.7791891400078823,0.7190218479880497,0.11996423333886776,0.5468805487236795,0.8239626640165586,0.6012265695440072,0.8032168848141615,0.5468805487236795,0.8239626640165586
3.6480732540961824,Linear,std_ratio,4,4,4,0.17672218274021834,0.0817856567607801,0.35691285816629537,0.2619763321868571,0.3051616012578963,0.0,0.6944609632669919,0.0545237711738534,0.5481076080371706,0.0,0.6944609632669919
3.6480732540961824,FFT,wasserstein,4,4,4,0.7772170368177884,0.5380729127366469,1.0547154553389078,0.8155713312577662,0.35161836653778444,0.4895052316352188,1.2183460197602691,0.5218836857028376,1.1092589768126948,0.4895052316352188,1.2183460197602691
3.6480732540961824,FFT,acf_l2,4,4,4,0.13312209258070046,0.12176937097049387,0.14380649086744846,0.13245376925724187,0.0263739308184159,0.0997482146789827,0.1638226771885839,0.10909476819933785,0.15514444699168733,0.0997482146789827,0.1638226771885839
3.6480732540961824,FFT,std_ratio,4,4,4,0.846133948600439,0.8078578552135176,0.9108602328674456,0.872584139480524,0.09085749175926171,0.8005516095017574,0.9975170512194608,0.8054224399762642,0.9507111060272884,0.8005516095017574,0.9975170512194608
3.6480732540961824,SSA,wasserstein,4,4,4,1.9028073616186736,1.478393795048098,2.062622863022277,1.6382092964517012,0.7465150742568396,0.5472331221802408,2.199989340389217,0.9146333509435048,2.1084116888112567,0.5472331221802408,2.199989340389217
3.6480732540961824,SSA,acf_l2,4,4,4,0.715613204022628,0.6564321700808133,0.7534313266421311,0.6942502927003164,0.11061866795160802,0.542534375999478,0.8032403867565315,0.5911078586506079,0.7760298154277132,0.542534375999478,0.8032403867565315
3.6480732540961824,SSA,std_ratio,4,4,4,0.17969701116723608,0.088870041745785,0.36772462758491486,0.2768976581634638,0.309253059423457,0.0283089942365745,0.7198876160828085,0.0686830259093815,0.5671799764576535,0.0283089942365745,0.7198876160828085
3.6480732540961824,DSSRR,wasserstein,4,4,4,0.487250172294969,0.3828394210889042,0.649552033080634,0.5451412818745692,0.2791839237945332,0.2784286698828395,0.9276361130254996,0.34803583735354926,0.8001378359751895,0.2784286698828395,0.9276361130254996
3.6480732540961824,DSSRR,acf_l2,4,4,4,0.1580962001647433,0.10919788146690128,0.26363952324873785,0.2147412045508958,0.15544037788641818,0.105383378186238,0.4373890396878586,0.10792638037334684,0.35565912540600786,0.105383378186238,0.4373890396878586
3.6480732540961824,DSSRR,std_ratio,4,4,4,0.9744435740189694,0.9086262696984815,1.0079915308959648,0.9421742265754769,0.09902384453767213,0.8016637265808785,1.0181460316830906,0.852399469260723,1.0113763644916736,0.8016637265808785,1.0181460316830906
4.457329455880843,Linear,wasserstein,4,4,4,2.0371203237934457,1.2430291372086182,2.655818991035587,1.8617278044507595,1.1020729840585306,0.4733263818068622,2.8993441884092848,0.9864615520746995,2.73699405682682,0.4733263818068622,2.8993441884092848
4.457329455880843,Linear,acf_l2,4,4,4,0.840540245091614,0.7793145276866198,0.9172232411712796,0.8559975237662855,0.1128660559061226,0.744271525266438,0.9986380796154758,0.7676335268798925,0.9467274418349436,0.744271525266438,0.9986380796154758
4.457329455880843,Linear,std_ratio,4,4,4,0.27226419350632525,0.1981918279379733,0.42422745677481727,0.3501550912064654,0.2537566360762174,0.1428054540173226,0.7132865237958882,0.1797297032977564,0.5891283809914637,0.1428054540173226,0.7132865237958882
4.457329455880843,FFT,wasserstein,4,4,4,0.8138028967478592,0.5816846643747767,1.038653686131388,0.8065354537583054,0.44866893183837414,0.2646026999318763,1.333933321605627,0.4335088101922343,1.1722946543348227,0.2646026999318763,1.333933321605627
4.457329455880843,FFT,acf_l2,4,4,4,0.12501617988509375,0.10296397559275734,0.15286889710385404,0.13081669281151764,0.04271872333091568,0.0878231122207438,0.1854112992551393,0.0979170211354195,0.16606120695387827,0.0878231122207438,0.1854112992551393
4.457329455880843,FFT,std_ratio,4,4,4,0.830327711968836,0.799756756655061,0.8796472394139127,0.8490762841001376,0.11997533890165248,0.7233882123662548,1.0122615000966235,0.7514017807379434,0.9654993595936334,0.7233882123662548,1.0122615000966235
4.457329455880843,SSA,wasserstein,4,4,4,2.0361284410608604,1.241660451231718,2.6578687181779452,1.863400728348803,1.1065218686061746,0.4708460159825675,2.910500015290924,0.9847223061486678,2.742079150548938,0.4708460159825675,2.910500015290924
4.457329455880843,SSA,acf_l2,4,4,4,0.8321979551610701,0.7697835877591759,0.9064815709252517,0.8440672035233575,0.10264568211884542,0.743490336822983,0.9683825669483068,0.761019170780445,0.92711523626627,0.743490336822983,0.9683825669483068
4.457329455880843,SSA,std_ratio,4,4,4,0.27072473371777284,0.19599123862353982,0.42496157442016,0.3502280793259269,0.25336439525876364,0.1464295245494142,0.713033325318748,0.17947066726549793,0.5879029464844564,0.1464295245494142,0.713033325318748
4.457329455880843,DSSRR,wasserstein,4,4,4,0.34847629796839724,0.2502821670428894,0.4497742663656884,0.3515801354401805,0.1839977225257634,0.1376975169300225,0.5716704288939052,0.2055586907449209,0.5007054176072234,0.1376975169300225,0.5716704288939052
4.457329455880843,DSSRR,acf_l2,4,4,4,0.23733247103148525,0.12553842951304767,0.3768379603991804,0.2650439188807428,0.18261914682558894,0.0979085353937306,0.4876021980662701,0.11632846480660863,0.41375937295487697,0.0979085353937306,0.4876021980662701
4.457329455880843,DSSRR,std_ratio,4,4,4,1.0576526694542212,0.9948431136886775,1.12233045468219,1.0595208989166462,0.13362635964406283,0.9008056323257098,1.2219726244324325,0.9478833237689762,1.173026703526741,0.9008056323257098,1.2219726244324325
5.446103873038947,Linear,wasserstein,4,4,4,2.5457244972160558,1.6594297979054844,3.388771247433035,2.5024765481224636,1.348235412902619,0.9412013076327622,3.977255890424981,1.4200203011479102,3.584932795097017,0.9412013076327622,3.977255890424981
5.446103873038947,Linear,acf_l2,4,4,4,0.8171834444101375,0.7330510285583175,0.8553336132933488,0.7712011974415288,0.1935507117063422,0.4973304211807031,0.9531074797651372,0.5786833970028822,0.9177367509115668,0.4973304211807031,0.9531074797651372
5.446103873038947,Linear,std_ratio,4,4,4,0.3751006299871438,0.25339533905243145,0.4302144745773019,0.30850918364258956,0.2141337026614102,0.0,0.4838354745960707,0.10308520197609475,0.44808814125022484,0.0,0.4838354745960707
5.446103873038947,FFT,wasserstein,4,4,4,1.1272088830317495,0.7971510673786877,1.4653484491970137,1.1352906335439519,0.5805089366553436,0.4674376087589997,1.8193071593533092,0.687246581172125,1.5912442579112946,0.4674376087589997,1.8193071593533092
5.446103873038947,FFT,acf_l2,4,4,4,0.12673040156990106,0.11750989580472684,0.12910269832692348,0.11988219256174926,0.017390198285787535,0.0941182003918534,0.1319497667153416,0.10262706917658607,0.1302891069387607,0.0941182003918534,0.1319497667153416
5.446103873038947,FFT,std_ratio,4,4,4,0.8009801960247931,0.7106100837675495,0.9049317539606034,0.8145616417033598,0.17660852360270574,0.6214058193133064,1.0348803554505466,0.6808753289494685,0.9612464762343176,0.6214058193133064,1.0348803554505466
5.446103873038947,SSA,wasserstein,4,4,4,2.5384678100478224,1.6552611418881535,3.3803194926459956,2.4971128244863268,1.3485679924107041,0.9356792748704668,3.9758364029791937,1.4154005195489243,3.5788251294237283,0.9356792748704668,3.9758364029791937
5.446103873038947,SSA,acf_l2,4,4,4,0.7938343761693754,0.7331427293586116,0.832977610147885,0.7722859633371212,0.16070224578812506,0.5562996216707496,0.9451754793389844,0.6161192963574419,0.9069042174845463,0.5562996216707496,0.9451754793389844
5.446103873038947,SSA,std_ratio,4,4,4,0.38016403120224784,0.26106917608489766,0.4367564933860843,0.3176616382687341,0.20551305827156754,0.0228555508767314,0.4874629397937094,0.12210524930343421,0.453658642188626,0.0228555508767314,0.4874629397937094
5.446103873038947,DSSRR,wasserstein,4,4,4,0.6073903002309469,0.35612009237875275,0.7741339491916859,0.5228637413394919,0.33197235972323963,0.0845265588914548,0.792147806004619,0.25542725173210146,0.7801385681293302,0.0845265588914548,0.792147806004619
5.446103873038947,DSSRR,acf_l2,4,4,4,0.16944082371220853,0.14572020544366482,0.22844704702339597,0.20472642875485222,0.10466080779926601,0.1230531785676173,0.3569708890273745,0.13816452981831565,0.3060471370377844,0.1230531785676173,0.3569708890273745
5.446103873038947,DSSRR,std_ratio,4,4,4,0.8682811236825113,0.7476286196569396,1.038336764764979,0.9176842607394073,0.2431404627419843,0.6968347433641042,1.2373400522285027,0.7306973275593278,1.119145017110015,0.6968347433641042,1.2373400522285027
6.654219233625958,Linear,wasserstein,4,4,4,1.9286318943477991,1.5466908586882682,2.088350457926528,1.706409422266997,0.7243103852157279,0.6591032332842468,2.3092706670881427,0.9980050220146826,2.192591350438509,0.6591032332842468,2.3092706670881427
6.654219233625958,Linear,acf_l2,4,4,4,0.916868611427969,0.8756857736118242,0.9729072612835212,0.9317244234673763,0.08290340177953136,0.8531187960114819,1.040041675002085,0.8681634477450433,1.000833281121215,0.8531187960114819,1.040041675002085
6.654219233625958,Linear,std_ratio,4,4,4,0.19224603897671655,0.1626284712452439,0.34502102807384283,0.31540346034237027,0.28731492748855153,0.1334483548259379,0.7436734085901099,0.1529017657721419,0.6008438506221689,0.1334483548259379,0.7436734085901099
6.654219233625958,FFT,wasserstein,4,4,4,1.0364063045384637,0.6016487576193597,1.5875541115312848,1.1527965646121807,0.7515906237857166,0.448874941029143,2.0894987083426524,0.5507241520892875,1.7548689771350738,0.448874941029143,2.0894987083426524
6.654219233625958,FFT,acf_l2,4,4,4,0.15436274335791628,0.1375505158930056,0.16401837967487687,0.14720615220996625,0.02803718384462763,0.1079823908983779,0.1721167312256545,0.12131652546327118,0.16671783019180275,0.1079823908983779,0.1721167312256545
6.654219233625958,FFT,std_ratio,4,4,4,0.816478312358881,0.7580578841605113,0.8557693697301982,0.7973489415318286,0.09677753979259865,0.6662209974275561,0.8902181439819962,0.7107373593155668,0.8672522944807975,0.6662209974275561,0.8902181439819962
6.654219233625958,SSA,wasserstein,4,4,4,1.9297498530925785,1.5465076382751102,2.088574293246566,1.7053320784290977,0.7272444425477487,0.6530852471619566,2.3087433603692773,0.993610086422883,2.1926362957718317,0.6530852471619566,2.3087433603692773
6.654219233625958,SSA,acf_l2,4,4,4,0.9109761992444045,0.868417975456728,0.9647674201218874,0.922209196334211,0.08099902563177505,0.8414532909593572,1.0254310958886776,0.8594297472909378,0.9884248728221379,0.8414532909593572,1.0254310958886776
6.654219233625958,SSA,std_ratio,4,4,4,0.19292926686836448,0.1632575910308776,0.3436311356862706,0.31395945984878365,0.2833167864940333,0.1338056707403851,0.7361736349180206,0.1534402842673801,0.5953989506371091,0.1338056707403851,0.7361736349180206
6.654219233625958,DSSRR,wasserstein,4,4,4,0.5614134542705971,0.40287226001511717,0.654572940287226,0.49603174603174605,0.288288948937943,0.0944822373393801,0.7668178382464098,0.22515117157974293,0.7015306122448981,0.0944822373393801,0.7668178382464098
6.654219233625958,DSSRR,acf_l2,4,4,4,0.16717034858637114,0.10894244855491486,0.2912599704503735,0.2330320704189172,0.198360071775565,0.079827425048133,0.5179601594547935,0.09923744071932089,0.4181319836887223,0.079827425048133,0.5179601594547935
6.654219233625958,DSSRR,std_ratio,4,4,4,0.881361601922199,0.7930797836801626,1.0277763563137183,0.9394945380716819,0.2359293542980332,0.7288055123681656,1.2664494360741638,0.7716550265761636,1.1534632122516633,0.7288055123681656,1.2664494360741638
8.130332186347001,Linear,wasserstein,4,4,4,2.375800072274471,1.1894171827579445,3.5744147605295638,2.388031871013037,1.7316251577085922,0.5090564161968316,4.291470923306374,0.9626302605709068,3.813433481455167,0.5090564161968316,4.291470923306374
8.130332186347001,Linear,acf_l2,4,4,4,0.9058152557464714,0.7629106959142412,0.9565650989174986,0.8136605390852685,0.28546626319014134,0.3977738580316083,1.0452377868165232,0.5300822775948288,1.0050840839145054,0.3977738580316083,1.0452377868165232
8.130332186347001,Linear,std_ratio,4,4,4,0.2966342308802328,0.1063226530786593,0.46253932652381896,0.2722277487222454,0.24026605335389023,0.0,0.4956425331285162,0.0708817687191062,0.4735737287253847,0.0,0.4956425331285162
8.130332186347001,FFT,wasserstein,4,4,4,0.9445678055427025,0.6501150901388222,1.4952916248970662,1.2008389094931857,0.9479343083816759,0.3728091357982623,2.541410891089076,0.5576797720253022,2.0916957703798924,0.3728091357982623,2.541410891089076
8.130332186347001,FFT,acf_l2,4,4,4,0.15360854559743486,0.12273933264486324,0.18927407506415564,0.15840486211158403,0.04800730206687163,0.1114720471678008,0.2149303100836656,0.11898357081917577,0.1978261534039923,0.1114720471678008,0.2149303100836656
8.130332186347001,FFT,std_ratio,4,4,4,0.8934630702623876,0.8264834676024346,0.9529599715273621,0.8859803688674093,0.10995400205667712,0.7509189965109982,1.0060763384338638,0.797002876356214,0.9706654271628627,0.7509189965109982,1.0060763384338638
8.130332186347001,SSA,wasserstein,4,4,4,2.36668895865513,1.1935664207274037,3.5574769109303106,2.3843543730025845,1.7253786654051015,0.5126962507016192,4.291343323998459,0.9666096973854754,3.8020990486196933,0.5126962507016192,4.291343323998459
8.130332186347001,SSA,acf_l2,4,4,4,0.9032869780739152,0.7494896567322561,0.9485029046651672,0.794705583323508,0.29121931813005447,0.365231481800798,1.0070168953454035,0.5061731716268706,0.9746566002697381,0.365231481800798,1.0070168953454035
8.130332186347001,SSA,std_ratio,4,4,4,0.2979562444120145,0.11866326320485984,0.4600252602220708,0.28073227901491615,0.22549820998163073,0.0334871398829684,0.4935294873526672,0.09027122209756269,0.47119333593226964,0.0334871398829684,0.4935294873526672
8.130332186347001,DSSRR,wasserstein,4,4,4,0.280631188118812,0.18989789603960394,0.40903465346534673,0.3183013613861387,0.21413668632079513,0.1070544554455447,0.604888613861386,0.1622834158415842,0.5080445544554455,0.1070544554455447,0.604888613861386
8.130332186347001,DSSRR,acf_l2,4,4,4,0.26077765343267145,0.20927316227251158,0.31056835835537094,0.259063867195211,0.06463815159013676,0.1930311095845517,0.3216690523309495,0.20385914470985828,0.3142685896805638,0.1930311095845517,0.3216690523309495
8.130332186347001,DSSRR,std_ratio,4,4,4,1.059963879340772,1.0118536050385296,1.1122629739002374,1.064152699597995,0.06251365452747638,1.0080772633999846,1.1286057763104518,1.010594824492348,1.1177105747036422,1.0080772633999846,1.1286057763104518
9.93389293913151,Linear,wasserstein,4,4,4,1.4108425783165743,1.1939109724942383,2.341572582066923,2.124640976244587,1.7955811054111848,0.8880729298556597,4.788805818489539,1.0475117398732574,3.9155686105439287,0.8880729298556597,4.788805818489539
9.93389293913151,Linear,acf_l2,4,4,4,0.9580429420779977,0.7518616938050305,0.9970460629325865,0.7908648146596193,0.39185590826962297,0.2067571129257295,1.040616261556753,0.40069850054209655,1.013853001358764,0.2067571129257295,1.040616261556753
9.93389293913151,Linear,std_ratio,4,4,4,0.11223463344429985,0.06947303844133582,0.21948389033563126,0.17672229533266726,0.21116166640443082,0.0,0.4824199144420693,0.03295963724170465,0.3849726153119972,0.0,0.4824199144420693
9.93389293913151,FFT,wasserstein,4,4,4,0.37585834200505397,0.31021998617506064,0.6573546867426157,0.5917163309126223,0.5241833101893961,0.2445020778730847,1.3706465617672965,0.28827424050507733,1.1110164102277356,0.2445020778730847,1.3706465617672965
9.93389293913151,FFT,acf_l2,4,4,4,0.12019796378215913,0.08724296918795725,0.14390717984676893,0.11095218525256703,0.049232379061881895,0.0460746380154883,0.1573381754304615,0.06941352384133406,0.14838417837466644,0.0460746380154883,0.1573381754304615
9.93389293913151,FFT,std_ratio,4,4,4,0.8939868070050028,0.8734571488702993,0.9360947155129782,0.9155650573782745,0.0725276979556586,0.8549681419268202,1.0193184735762728,0.8672941465558062,0.9843938929784026,0.8549681419268202,1.0193184735762728
9.93389293913151,SSA,wasserstein,4,4,4,1.4103577091566661,1.1919997997242002,2.3382594940025934,2.119901584570127,1.7909850970146033,0.8823242884255468,4.7765666315416295,1.043115828358222,3.9062312161954935,0.8823242884255468,4.7765666315416295
9.93389293913151,SSA,acf_l2,4,4,4,0.9067910371140437,0.7090768998981363,0.9484127580853112,0.7506986208694036,0.37729574157049556,0.1893915942133956,0.9998208150361316,0.37486288043547283,0.9704419450586945,0.1893915942133956,0.9998208150361316
9.93389293913151,SSA,std_ratio,4,4,4,0.1177164833738162,0.0799362745517028,0.22230808600820112,0.1845278771860877,0.20504191382588022,0.0193333984057116,0.4833451435910069,0.048323982174433504,0.3875431660100135,0.0193333984057116,0.4833451435910069
9.93389293913151,DSSRR,wasserstein,4,4,4,0.3327424664472019,0.21315522917194235,0.4587237275259559,0.33913649025069637,0.24916957585470764,0.0473537604456824,0.6437072676626993,0.1347809572043555,0.5498860471005317,0.0473537604456824,0.6437072676626993
9.93389293913151,DSSRR,acf_l2,4,4,4,0.22694034776107766,0.18539226777879644,0.27249764103474905,0.2309495610524678,0.11545504645444353,0.0941077841020085,0.3758097645857074,0.1300959047059471,0.3358124306903787,0.0941077841020085,0.3758097645857074
9.93389293913151,DSSRR,std_ratio,4,4,4,1.0407347663157338,0.9775130766740533,1.136129954911333,1.0729082652696524,0.15081993548038652,0.9326907407618392,1.2774727876853036,0.9625722980366486,1.2062180545918422,0.9326907407618392,1.2774727876853036
12.137539606541626,Linear,wasserstein,4,4,4,1.8430141354365066,1.5402072538860103,2.329288042532998,2.026481160982502,0.9606978116418184,1.0717098445595856,3.348186528497409,1.3011961868892379,2.9352331606217614,1.0717098445595856,3.348186528497409
12.137539606541626,Linear,acf_l2,4,4,4,0.4874843273096847,0.40173757628814366,0.626796250249056,0.541049499227515,0.3235500211658822,0.2062006712361055,0.9830286710545852,0.28166353092221574,0.8540006394506447,0.2062006712361055,0.9830286710545852
12.137539606541626,Linear,std_ratio,4,4,4,0.0,0.0,0.11751762789782068,0.11751762789782068,0.23503525579564136,0.0,0.4700705115912827,0.0,0.35255288369346205,0.0,0.4700705115912827
12.137539606541626,FFT,wasserstein,4,4,4,1.1388953177419519,0.32744634523651556,2.039740932642516,1.2282919601370799,1.089781341073158,0.2448849770850807,2.390492227979335,0.29992588918603724,2.1566580310881225,0.2448849770850807,2.390492227979335
12.137539606541626,FFT,acf_l2,4,4,4,0.10082119215366131,0.09335660250421926,0.11114253842989212,0.10367794878045007,0.013112486736079012,0.0928018985775833,0.1202675122368944,0.0931717011953406,0.11418419636555956,0.0928018985775833,0.1202675122368944
12.137539606541626,FFT,std_ratio,4,4,4,0.9615090143086372,0.9166272917655499,1.0025302788105142,0.9576485562674267,0.06069484316103237,0.8887552867589921,1.0188209096934406,0.9073366234300306,1.007960489104823,0.8887552867589921,1.0188209096934406
12.137539606541626,SSA,wasserstein,4,4,4,1.8400774155585147,1.535869897239786,2.3240183788274913,2.0198108605087626,0.9635940657015009,1.0561551222516012,3.3429334886664206,1.2882113439089964,2.931143822058777,1.0561551222516012,3.3429334886664206
12.137539606541626,SSA,acf_l2,4,4,4,0.5146881938829685,0.3882328029728628,0.667276244978384,0.5408208540682784,0.3358511407652892,0.1604115242734869,0.9734955042336896,0.2616094328451024,0.8461649354767642,0.1604115242734869,0.9734955042336896
12.137539606541626,SSA,std_ratio,4,4,4,0.043569774022451005,0.009998239503354,0.17429775780740286,0.14072622328830586,0.22458467230192497,0.0015950526499314,0.4741702924583901,0.007197177218879799,0.35882754479074963,0.0015950526499314,0.4741702924583901
12.137539606541626,DSSRR,wasserstein,4,4,4,0.4258031088082901,0.3806735751295337,0.48424870466321235,0.43911917098445596,0.14260135468289423,0.2791709844559586,0.6256994818652849,0.31865284974093266,0.572901554404145,0.2791709844559586,0.6256994818652849
12.137539606541626,DSSRR,acf_l2,4,4,4,0.2881056073692104,0.24845206260506691,0.3116881478338752,0.2720346030697317,0.0713530068672702,0.1728272206316073,0.3390999769088988,0.20525813334258897,0.3227400684973958,0.1728272206316073,0.3390999769088988
12.137539606541626,DSSRR,std_ratio,4,4,4,1.1830495917152146,1.0691017857635066,1.3134449335045257,1.1994971275528177,0.23899764570877913,0.9322748293843846,1.4996144973964576,1.0120532250900922,1.4033885658531466,0.9322748293843846,1.4996144973964576
14.830023697964917,Linear,wasserstein,4,4,4,1.8608499832551333,1.715016088882444,2.9053887398538194,2.75955484548113,1.9405005789804002,1.653957485300769,5.662561930113486,1.6946632210218855,4.680763686770865,1.653957485300769,5.662561930113486
14.830023697964917,Linear,acf_l2,4,4,4,0.9363272574475616,0.8275928008691583,0.9436085447985079,0.8348740882201046,0.2174222196987205,0.5091074716645939,0.9577343663207007,0.6165555881545562,0.9517394190581955,0.5091074716645939,0.9577343663207007
14.830023697964917,Linear,std_ratio,4,4,4,0.1097102378700254,0.07012365261442845,0.15940721576874073,0.11982063051314377,0.10754639592938818,0.0,0.2598620463125243,0.03148056806353655,0.21827108560586939,0.0,0.2598620463125243
14.830023697964917,FFT,wasserstein,4,4,4,0.4296355729535959,0.3122602201482284,0.635834273159224,0.5184589203538565,0.30111278728430874,0.2770308074787225,0.9375337280295118,0.30051708259172644,0.7841511354483165,0.2770308074787225,0.9375337280295118
14.830023697964917,FFT,acf_l2,4,4,4,0.0762951932342946,0.05574671586321572,0.09955044847308613,0.07900197110200724,0.030063274552717557,0.0502282629343288,0.113189235005111,0.053907231553586746,0.10409671065042775,0.0502282629343288,0.113189235005111
14.830023697964917,FFT,std_ratio,4,4,4,0.9666197467005563,0.9218033760640674,0.9969394278457693,0.9521230572092804,0.11069458304188616,0.8037239631704957,1.0715287722655134,0.8458120506376687,1.0439373742896163,0.8037239631704957,1.0715287722655134
14.830023697964917,SSA,wasserstein,4,4,4,1.8543910954037468,1.7058184326401227,2.9022072349821904,2.7536345722185662,1.94013650752712,1.649871132310775,5.655884965755996,1.68716933253034,4.673030607504474,1.649871132310775,5.655884965755996
14.830023697964917,SSA,acf_l2,4,4,4,0.8941951286915877,0.80295588809425,0.8998376811522814,0.8085984405549436,0.18423508065486607,0.5325837445485953,0.9134197602880038,0.6232653887715399,0.9083348042017032,0.5325837445485953,0.9134197602880038
14.830023697964917,SSA,std_ratio,4,4,4,0.1130814878707197,0.07995015781934897,0.16204375096169976,0.12891242091032906,0.0993864445986287,0.0260623932024688,0.263424314697408,0.05160935233096752,0.22204642252929993,0.0260623932024688,0.263424314697408
14.830023697964917,DSSRR,wasserstein,4,4,4,0.2854961832061068,0.23693808312128914,0.3611535199321459,0.3125954198473282,0.11379239511828289,0.2118744698897371,0.4675148430873622,0.22858354537743847,0.41195928753180655,0.2118744698897371,0.4675148430873622
14.830023697964917,DSSRR,acf_l2,4,4,4,0.209636319180659,0.17075534227281594,0.24159144280585093,0.20271046589800787,0.06935088778261633,0.1137929567917347,0.2777762684389788,0.14272717615916977,0.25576790235419483,0.1137929567917347,0.2777762684389788
14.830023697964917,DSSRR,std_ratio,4,4,4,1.1283360530028759,1.0385933096240776,1.215462131849594,1.1257193884707957,0.1396839398137976,0.9649828364284816,1.2812226114489491,1.0140564852255456,1.2373822917160457,0.9649828364284816,1.2812226114489491
18.11978457015029,Linear,wasserstein,4,4,4,1.4454476098590239,1.1089723762455383,1.9490799379276467,1.6126047043141614,0.7919153803595299,0.8753642195016682,2.684159378036929,1.0311029906642482,2.309829973984404,0.8753642195016682,2.684159378036929
18.11978457015029,Linear,acf_l2,4,4,4,0.9590150684893579,0.8010573638513503,0.9829712950720093,0.8250135904340017,0.3058023554038375,0.3682546038938621,1.0137696208634284,0.519367249539114,0.9966584532735328,0.3682546038938621,1.0137696208634284
18.11978457015029,Linear,std_ratio,4,4,4,0.19023748751331598,0.09120401959098381,0.2634057421125141,0.1643722741901819,0.12969860814568612,0.0,0.2770141217340956,0.06080267972732255,0.26794186865304126,0.0,0.2770141217340956
18.11978457015029,FFT,wasserstein,4,4,4,0.7118596456284088,0.4873792053390241,0.9640960503259397,0.7396156100365552,0.4491889150044129,0.237067874698078,1.297675274191325,0.3910266499495947,1.1159605345316619,0.237067874698078,1.297675274191325
18.11978457015029,FFT,acf_l2,4,4,4,0.0800209525862134,0.07087954230397395,0.08750298660705526,0.0783615763248158,0.012496914101659906,0.0630627156949305,0.0903416844319059,0.0682739334342928,0.0884492192153388,0.0630627156949305,0.0903416844319059
18.11978457015029,FFT,std_ratio,4,4,4,0.881825509438356,0.8061044004989752,0.9738684407804212,0.8981473318410402,0.13749959564390735,0.7588030969837511,1.070135211503698,0.7903372993272337,1.0080692840454526,0.7588030969837511,1.070135211503698
18.11978457015029,SSA,wasserstein,4,4,4,1.444886820383693,1.1079743136034255,1.9467442648331237,1.6098317580528563,0.7901949626892831,0.8716955693614085,2.67785782208263,1.0292147321894198,2.30507684031633,0.8716955693614085,2.67785782208263
18.11978457015029,SSA,acf_l2,4,4,4,0.9218344148215227,0.7455407751513186,0.9739402446154473,0.7976466049452431,0.3130088649122443,0.3349904695919463,1.0119271205459806,0.4915623403536104,0.9866025365922917,0.3349904695919463,1.0119271205459806
18.11978457015029,SSA,std_ratio,4,4,4,0.19654668820296045,0.09536893477790875,0.27205426019213624,0.17087650676708455,0.12707278237353606,0.0130466599823584,0.2773659906800588,0.0679281765127253,0.2738248370214438,0.0130466599823584,0.2773659906800588
18.11978457015029,DSSRR,wasserstein,4,4,4,0.33486047480216574,0.24323198667221999,0.41808968485353315,0.3264611967235874,0.1089087719976697,0.2132444814660558,0.4228793558239623,0.2332361516034986,0.4196862418436762,0.2132444814660558,0.4228793558239623
18.11978457015029,DSSRR,acf_l2,4,4,4,0.15767809208251876,0.12778094123636335,0.177819778030345,0.14792262718418958,0.043922917481373856,0.0890218480079818,0.187312476563739,0.11043027230245642,0.18098401087480967,0.0890218480079818,0.187312476563739
18.11978457015029,DSSRR,std_ratio,4,4,4,1.0652188818894004,0.9196381117879392,1.2182123466984196,1.0726315765969583,0.18371174501487245,0.9046971015566506,1.2553914410523817,0.9146577750441763,1.2306053781497401,0.9046971015566506,1.2553914410523817
22.13931680457881,Linear,wasserstein,4,4,4,1.302194098287926,1.1575791141042022,1.7309178823098046,1.5863028981260805,0.6960078280151382,1.1309671772286518,2.6098562186998184,1.1487084684790188,2.2490046039572102,1.1309671772286518,2.6098562186998184
22.13931680457881,Linear,acf_l2,4,4,4,0.9722606259806148,0.9664849221107806,0.9881711400879938,0.9823954362181596,0.03461359399159093,0.952650842251738,1.0324096506596707,0.9578443741631621,1.0170813085107018,0.952650842251738,1.0324096506596707
22.13931680457881,Linear,std_ratio,4,4,4,0.5290525959101186,0.41728986145957764,0.559128667205333,0.4473659327547922,0.2086933506547779,0.1384573252426219,0.5929012139563098,0.24081078183738497,0.5722344205168731,0.1384573252426219,0.5929012139563098
22.13931680457881,FFT,wasserstein,4,4,4,0.8328215874957665,0.5023694435957483,1.240496534484743,0.9100443905847246,0.5550132634046425,0.3824982550896911,1.5920361322576746,0.4624123807603959,1.3576764004090536,0.3824982550896911,1.5920361322576746
22.13931680457881,FFT,acf_l2,4,4,4,0.0718164908911702,0.06590823908233003,0.07633747307368147,0.0704292212648413,0.009296795106596763,0.0583502872398497,0.0797336160371751,0.06256407178468318,0.07746952072817935,0.0583502872398497,0.0797336160371751
22.13931680457881,FFT,std_ratio,4,4,4,0.9071927717337276,0.8588007851945343,0.9403673805584549,0.8919753940192616,0.12958729282530887,0.7195247665664841,1.0339912660431068,0.7669334296074224,1.0017999807166345,0.7195247665664841,1.0339912660431068
22.13931680457881,SSA,wasserstein,4,4,4,1.2996668777550369,1.1529789121312763,1.73086899933831,1.5841810337145494,0.6966224271508533,1.129257944379709,2.608132434968416,1.145071922880754,2.2463208015717617,1.129257944379709,2.608132434968416
22.13931680457881,SSA,acf_l2,4,4,4,0.9698517019989423,0.9597182941976133,0.985299902028371,0.9751664942270419,0.04162101192075727,0.930063957084737,1.030898615825546,0.9400730505042142,1.0155747301779692,0.930063957084737,1.030898615825546
22.13931680457881,SSA,std_ratio,4,4,4,0.5321693065721458,0.42084504741019174,0.5604473009699157,0.4491230418079616,0.20966523124740563,0.1383680745851262,0.5937854795024283,0.24110969963694753,0.5740901192147914,0.1383680745851262,0.5937854795024283
22.13931680457881,DSSRR,wasserstein,4,4,4,0.2886035677763891,0.19168276332234985,0.621832746278832,0.5249119418247928,0.6150277279299472,0.089080786274287,1.4333598454721057,0.15464151800931714,1.131490739688672,0.089080786274287,1.4333598454721057
22.13931680457881,DSSRR,acf_l2,4,4,4,0.13684408324823094,0.12208128044332689,0.21110524151715238,0.19634243871224832,0.155550742198686,0.084936518910448,0.4267450694420834,0.09850871390171317,0.35367451898680086,0.084936518910448,0.4267450694420834
22.13931680457881,DSSRR,std_ratio,4,4,4,1.0737657885692067,0.9954517015945735,1.2480524963215147,1.1697384093468817,0.3980543253346007,0.7976338514083959,1.7337882088407173,0.8697605365934088,1.5656889028780294,0.7976338514083959,1.7337882088407173
27.0505064050792,Linear,wasserstein,4,4,4,2.037715737701669,1.3483622006624447,3.481302859354888,2.7919493223156637,2.469809647632883,0.758835206444068,6.333530607415249,1.1518532025896524,5.136365755245246,0.758835206444068,6.333530607415249
27.0505064050792,Linear,acf_l2,4,4,4,0.9631215451801372,0.8433894858539801,0.9696275446586617,0.8498954853325047,0.2369202855483918,0.494710210267514,0.9786286407022304,0.6126894525283368,0.97387545828904,0.494710210267514,0.9786286407022304
27.0505064050792,Linear,std_ratio,4,4,4,0.26285899834181636,0.1882597825511102,0.2945900899481493,0.2199908741574431,0.15316254404748086,0.0,0.3542454999461396,0.06867623832053812,0.3284373858099747,0.0,0.3542454999461396
27.0505064050792,FFT,wasserstein,4,4,4,0.6517441040130021,0.2746115513967363,1.0808906721554035,0.7037581195391379,0.5169918802157434,0.2453343752175563,1.2662098949129912,0.264852492670343,1.1426637464079328,0.2453343752175563,1.2662098949129912
27.0505064050792,FFT,acf_l2,4,4,4,0.0679321509039489,0.05113215962981155,0.08825086894763301,0.07145087767349564,0.04034283984809468,0.0265715864588566,0.1233676224272282,0.0390650109577511,0.10735547115878695,0.0265715864588566,0.1233676224272282
27.0505064050792,FFT,std_ratio,4,4,4,0.8721177890373241,0.8414281018907964,0.9220188845241635,0.8913291973776357,0.09074039310195144,0.8043493674060779,1.0167318440298172,0.8258740000601281,0.9759958030354552,0.8043493674060779,1.0167318440298172
27.0505064050792,SSA,wasserstein,4,4,4,2.0363847096913616,1.3470925588891838,3.4804808735081165,2.791188722705938,2.469712314597755,0.7591668340358337,6.332818637405196,1.1511173172714004,5.135380928180639,0.7591668340358337,6.332818637405196
27.0505064050792,SSA,acf_l2,4,4,4,0.9388528285373633,0.8242698698072586,0.9674728025350329,0.852889843804928,0.1988768595246254,0.5574235738437852,0.9764301443012008,0.6591894358694164,0.9704585831237555,0.5574235738437852,0.9764301443012008
27.0505064050792,SSA,std_ratio,4,4,4,0.26580730456285984,0.19388627353878207,0.2950052292200521,0.22308419819597436,0.15069069099638968,0.0062253666088981,0.3544968170492795,0.07346269994258434,0.32998259008247877,0.0062253666088981,0.3544968170492795
27.0505064050792,DSSRR,wasserstein,4,4,4,0.184041662791779,0.1406119222542546,0.26157816423323715,0.21814842369571277,0.1577305427674925,0.0661210824886077,0.4383892867106854,0.10025109271831105,0.37015251557704826,0.0661210824886077,0.4383892867106854
27.0505064050792,DSSRR,acf_l2,4,4,4,0.10352555504978744,0.07040705859357438,0.13870426547137005,0.10558576901515697,0.04697458733196787,0.0580412652924796,0.1572507006685734,0.06628512749320944,0.1448864105371045,0.0580412652924796,0.1572507006685734
27.0505064050792,DSSRR,std_ratio,4,4,4,1.0577968504556634,1.0214123381138644,1.1034177680958346,1.0670332557540356,0.10909183118629488,0.9437140806239118,1.2088252414809044,0.97485604637647,1.168446870429974,0.9437140806239118,1.2088252414809044
33.051150730175,Linear,wasserstein,4,4,4,1.2232585555957762,0.9632232342334108,1.5725264543516704,1.312491132989305,0.5591923255058241,0.7562629206357806,2.0471845001298865,0.8942364630342008,1.79344087645557,0.7562629206357806,2.0471845001298865
33.051150730175,Linear,acf_l2,4,4,4,0.9836682056061496,0.9716242147153429,1.0083313849711228,0.9962873940803161,0.043754588358109935,0.9589879543034698,1.0588252108054952,0.967115993150852,1.0380779834839466,0.9589879543034698,1.0588252108054952
33.051150730175,Linear,std_ratio,4,4,4,0.21801611853581931,0.17603188269635636,0.47622822409769394,0.43424398825823096,0.47989485609606214,0.1496341779020161,1.1513095380592693,0.1672326477649096,0.9096899329514028,0.1496341779020161,1.1513095380592693
33.051150730175,FFT,wasserstein,4,4,4,0.6477621404751558,0.5006789339229907,0.8028695749969891,0.655786368444824,0.2993840900949175,0.3067062918472902,1.020914900981694,0.4125766688026562,0.9070202960566599,0.3067062918472902,1.020914900981694
33.051150730175,FFT,acf_l2,4,4,4,0.07364764119265449,0.0618431669415314,0.1018373367505982,0.09003286249947509,0.04607604873529755,0.0559108377511397,0.1569253298614517,0.05986572387806749,0.1336491498973376,0.0559108377511397,0.1569253298614517
33.051150730175,FFT,std_ratio,4,4,4,0.8645190132710848,0.8145521625297419,0.9049203332234168,0.8549534824820738,0.06103736696852826,0.7834406228935746,0.9073352804925512,0.8041816493176861,0.9057253156464615,0.7834406228935746,0.9073352804925512
33.051150730175,SSA,wasserstein,4,4,4,1.2228663285230996,0.9629965709174249,1.572415029222942,1.312545271617267,0.5596716068517474,0.7562348625122137,2.048213566910655,0.894076001449021,1.7941394602794483,0.7562348625122137,2.048213566910655
33.051150730175,SSA,acf_l2,4,4,4,0.9833648583188258,0.9663144532525938,1.0070321425297313,0.9899817374634992,0.048462102553625215,0.938505981385956,1.0546912518303897,0.9516659292301783,1.0349144248414939,0.938505981385956,1.0546912518303897
33.051150730175,SSA,std_ratio,4,4,4,0.21910931183984733,0.17597796103761887,0.47816873001484544,0.43503737921261704,0.47972041000708143,0.1502115555185929,1.1517193376521804,0.16738915919794356,0.9099311939584588,0.1502115555185929,1.1517193376521804
33.051150730175,DSSRR,wasserstein,4,4,4,0.16958441163038518,0.11131831328969422,1.1517544527325314,1.0934883543918406,1.927208808702893,0.0520627188308724,3.982721875475719,0.09107170041102151,3.019808951134115,0.0520627188308724,3.982721875475719
33.051150730175,DSSRR,acf_l2,4,4,4,0.17716952530061492,0.11552937267766855,0.3499078930549922,0.28826774043204584,0.30172155556141783,0.06805148435314,0.7306804267738136,0.0997034099028257,0.5808491539434881,0.06805148435314,0.7306804267738136
33.051150730175,DSSRR,std_ratio,4,4,4,1.0499910228436753,1.0058400411157145,1.543793052254619,1.4996420705266582,0.9888366512848056,0.9187124616856924,2.97987377473359,0.9553092157880099,2.4936259729482897,0.9187124616856924,2.97987377473359
40.38292474937306,Linear,wasserstein,4,4,4,1.7457184405608708,1.4756957322857074,1.860432010125982,1.5904093018508185,0.40367454822570975,1.0070387558789682,1.863161570402564,1.2201596060843396,1.8613418635515093,1.0070387558789682,1.863161570402564
40.38292474937306,Linear,acf_l2,4,4,4,0.996394906630508,0.9686083118324088,1.025714673644702,0.9979280788466028,0.039317242222174975,0.9578961368504438,1.0410263652749516,0.9650375868384204,1.0308185708547852,0.9578961368504438,1.0410263652749516
40.38292474937306,Linear,std_ratio,4,4,4,0.3868444387794886,0.25873028909203916,0.5278512227348281,0.39973707304737865,0.18313106197953918,0.2213197133650427,0.6039397012654947,0.24626009718304032,0.553214048911717,0.2213197133650427,0.6039397012654947
40.38292474937306,FFT,wasserstein,4,4,4,1.067132740882705,0.4414566586369913,1.7118865632591693,1.0862104810134556,0.7733199950456675,0.3761866086125101,1.8343898336759024,0.4196999752954975,1.7527209867314135,0.3761866086125101,1.8343898336759024
40.38292474937306,FFT,acf_l2,4,4,4,0.12284849267149664,0.11105161303291342,0.13366826078867916,0.12187138115009592,0.03592020533768078,0.0769249083632355,0.1648636308941549,0.0885111322941401,0.15425451848465102,0.0769249083632355,0.1648636308941549
40.38292474937306,FFT,std_ratio,4,4,4,0.8135844521478265,0.7704037808226779,0.8615936141966789,0.8184129428715303,0.07212980051395382,0.7418522252203484,0.90463064197012,0.7608865956219014,0.8759392901211593,0.7418522252203484,0.90463064197012
40.38292474937306,SSA,wasserstein,4,4,4,1.7434715140579717,1.4754053037738748,1.8575453930438004,1.5894791827597037,0.40277370748680097,1.0072772757449358,1.8636964271779344,1.2193317188918074,1.8595957377551784,1.0072772757449358,1.8636964271779344
40.38292474937306,SSA,acf_l2,4,4,4,0.994400702396216,0.967556826349997,1.023019930722535,0.9961760546763159,0.03985226882471291,0.9547498312708133,1.0411529826420178,0.963287827990269,1.0290642813623627,0.9547498312708133,1.0411529826420178
40.38292474937306,SSA,std_ratio,4,4,4,0.38652363835561176,0.2588043785050848,0.5274121363242087,0.3996928764736817,0.1827971426128209,0.2219408695206699,0.6037833596628334,0.24651654217694652,0.552869210770417,0.2219408695206699,0.6037833596628334
40.38292474937306,DSSRR,wasserstein,4,4,4,0.1571045910421727,0.108219647417928,0.2720986731452064,0.22321372952096172,0.21092242088588767,0.050333271039681,0.5283124649598205,0.08442347224817785,0.42811312527253464,0.050333271039681,0.5283124649598205
40.38292474937306,DSSRR,acf_l2,4,4,4,0.06567262051742034,0.0643085745329177,0.11155384503665912,0.11018979905215648,0.09168366186245751,0.0617283325746026,0.2476856225991826,0.06284039589323977,0.20205638074580928,0.0617283325746026,0.2476856225991826
40.38292474937306,DSSRR,std_ratio,4,4,4,1.0126931860959416,0.9811467417372435,1.0963057605051398,1.0647593161464415,0.14027199947546176,0.963758445649322,1.2698924467445611,0.9753506430412696,1.1991550451667252,0.963758445649322,1.2698924467445611
49.34111446306344,Linear,wasserstein,4,4,4,2.468080324205678,2.1754429427538544,3.1336943865443225,2.841057005092499,1.5380831752540762,1.4059906800276694,5.02207669193097,1.6805514145412785,4.374539276530539,1.4059906800276694,5.02207669193097
49.34111446306344,Linear,acf_l2,4,4,4,1.0076738958321074,0.9764187634905115,1.035586608235895,1.0043314758942992,0.03935225597552266,0.9606914624595052,1.041286649453477,0.9711763298135094,1.0374866219750891,0.9606914624595052,1.041286649453477
49.34111446306344,Linear,std_ratio,4,4,4,0.2180231770964845,0.17604750589452745,0.4112009854457506,0.36922531424379357,0.349225057924628,0.1515508949499837,0.8893040078322215,0.16788196891301285,0.7130312665931767,0.1515508949499837,0.8893040078322215
49.34111446306344,FFT,wasserstein,4,4,4,2.1037889957232476,0.9744102578670324,3.259970301825185,2.1305915639689696,1.567264497600848,0.5027121963147712,3.812076068114612,0.8171775706829453,3.444005557254994,0.5027121963147712,3.812076068114612
49.34111446306344,FFT,acf_l2,4,4,4,0.12850185277326534,0.12406827371669644,0.13501988222929315,0.13058630317272424,0.011866539540080545,0.1186863034915595,0.1466552036528068,0.12180008805736678,0.14145696868754062,0.1186863034915595,0.1466552036528068
49.34111446306344,FFT,std_ratio,4,4,4,0.8056936736595317,0.7733371004446612,0.8383510854194511,0.8059945122045806,0.0580320248519513,0.7382961993096676,0.874294502189591,0.7603146361062685,0.8519752268479414,0.7382961993096676,0.874294502189591
49.34111446306344,SSA,wasserstein,4,4,4,2.467499326196942,2.174921560539957,3.132939769668262,2.8403620040112765,1.5376948252563647,1.4056300686986902,5.020819294952532,1.680134200167394,4.373452485669493,1.4056300686986902,5.020819294952532
49.34111446306344,SSA,acf_l2,4,4,4,1.004908220767065,0.9682538825931666,1.0338220258716313,0.9971676876977329,0.04510204195997738,0.943289166592618,1.035565142664184,0.9599323105929836,1.0344030648024822,0.943289166592618,1.035565142664184
49.34111446306344,SSA,std_ratio,4,4,4,0.2191433838585617,0.17672609406059836,0.41245722371987903,0.3700399339219157,0.34894945683635487,0.1522420607777581,0.8896309071927813,0.16856474963298496,0.7134450400166389,0.1522420607777581,0.8896309071927813
49.34111446306344,DSSRR,wasserstein,4,4,4,0.2067145916182318,0.15654634444784338,0.5139441215458345,0.4637758743754461,0.5522017839392043,0.1526460691342919,1.2890282451310289,0.15524625267665954,1.0062327929030284,0.1526460691342919,1.2890282451310289
49.34111446306344,DSSRR,acf_l2,4,4,4,0.20260723399847452,0.12512514418365644,0.35915099331519784,0.2816689035003798,0.2361534260828554,0.103403352254445,0.6180577937501252,0.1178845468739193,0.49663478068594225,0.103403352254445,0.6180577937501252
49.34111446306344,DSSRR,std_ratio,4,4,4,1.1166721058086218,1.0465546930167489,1.2528590932256933,1.1827416804338209,0.29975908252707695,0.8943005489005889,1.603321961217451,0.9547349459825518,1.4768179895102886,0.8943005489005889,1.603321961217451
60.28650949792645,Linear,wasserstein,4,4,4,1.6251287512672445,1.5499938376860791,2.035744887151299,1.9606099735701337,0.8654226534638594,1.3483165930479974,3.2438657986980477,1.4194969239449269,2.837204245498229,1.3483165930479974,3.2438657986980477
60.28650949792645,Linear,acf_l2,4,4,4,0.9649151625690111,0.8372176100496775,0.9853714535156748,0.8576739009963412,0.2604501389382648,0.4698572747183383,1.0310080041290042,0.5949327735332284,1.013173766886784,0.4698572747183383,1.0310080041290042
60.28650949792645,Linear,std_ratio,4,4,4,0.33816460664780557,0.1666513495576551,0.5287695570680351,0.3572562999778846,0.3222981748192969,0.0,0.7526959866159273,0.1111008997051034,0.6200724398144972,0.0,0.7526959866159273
60.28650949792645,FFT,wasserstein,4,4,4,1.245291202709086,0.8611538037223896,1.6564587410894802,1.2723213421027835,0.8397280193483186,0.2900408030864232,2.3086621599065387,0.577295002685766,1.9943778209134986,0.2900408030864232,2.3086621599065387
60.28650949792645,FFT,acf_l2,4,4,4,0.14647683662175054,0.1357004134387629,0.15190597175183845,0.1411295485688508,0.02243474620348826,0.1094442322665474,0.1621202887653547,0.11920847405341048,0.15770333503139136,0.1094442322665474,0.1621202887653547
60.28650949792645,FFT,std_ratio,4,4,4,0.7763187100670835,0.7582133512379257,0.8025541970980712,0.7844488382689133,0.04879273766849829,0.7348517224610954,0.8503062104803909,0.7477980066718127,0.8292297980678438,0.7348517224610954,0.8503062104803909
60.28650949792645,SSA,wasserstein,4,4,4,1.6225225149590854,1.5493387180828253,2.0324903584717986,1.9593065615955383,0.8657633120653847,1.3487616379569796,3.2434195785070035,1.4187830497494172,2.8366141200781128,1.3487616379569796,3.2434195785070035
60.28650949792645,SSA,acf_l2,4,4,4,0.9629442111365027,0.8513677900294875,0.9839491378552006,0.8723727167481852,0.22402515661942207,0.5392778914735726,1.0243245532461631,0.6470810851197327,1.0070928539883206,0.5392778914735726,1.0243245532461631
60.28650949792645,SSA,std_ratio,4,4,4,0.33863512946552754,0.1682826749323771,0.5283901189605235,0.358037664427373,0.3206116596369096,0.0030819772925224,0.7517984214859146,0.11321577571909221,0.6196862096508514,0.0030819772925224,0.7517984214859146
60.28650949792645,DSSRR,wasserstein,4,4,4,0.28156818561175084,0.15544149557669812,0.6874478384243032,0.5613211483892504,0.6769049705563929,0.1216407945251208,1.5605074278083793,0.14417459522617235,1.2120576698380905,0.1216407945251208,1.5605074278083793
60.28650949792645,DSSRR,acf_l2,4,4,4,0.19836323658936889,0.16625688245309644,0.29456830128436395,0.26246194714809146,0.17386736477919756,0.1351039952717306,0.5180173201418975,0.15587258672597448,0.4326732846514777,0.1351039952717306,0.5180173201418975
60.28650949792645,DSSRR,std_ratio,4,4,4,1.2288662651722526,0.9708150318674557,1.5073149220819695,1.2492636887771724,0.3265838186919869,0.9633172422980504,1.5760049824661344,0.9683157686776539,1.530211608876691,0.9633172422980504,1.5760049824661344
73.65993385018332,Linear,wasserstein,4,4,4,1.6300436720141356,1.2020234381458872,2.194214901240533,1.7661946673722846,1.185798756670404,0.4748859459210293,3.3298053795398386,0.8100856448926297,2.8584546852100887,0.4748859459210293,3.3298053795398386
73.65993385018332,Linear,acf_l2,4,4,4,1.0033313056320756,0.9679671403565842,1.0297505189395313,0.9943863536640398,0.047964135266592364,0.9332407194556755,1.0376420839363325,0.956391666722948,1.0323810406051317,0.9332407194556755,1.0376420839363325
73.65993385018332,Linear,std_ratio,4,4,4,0.4150080624713598,0.3246605548016227,0.5326339185122945,0.4422864108425574,0.2067887346899841,0.2259362082572276,0.7131933101702824,0.2875640198494953,0.6242871502068171,0.2259362082572276,0.7131933101702824
73.65993385018332,FFT,wasserstein,4,4,4,0.7438458120484142,0.6388188551683835,1.182591272249458,1.0775643153694274,0.7727158811016107,0.5960150909327332,2.226550546448148,0.6245509337565001,1.8331846039811777,0.5960150909327332,2.226550546448148
73.65993385018332,FFT,acf_l2,4,4,4,0.1571822272572739,0.12065170762948882,0.1774223963135669,0.14089187668578185,0.06861083423556263,0.0445660303338261,0.2046370218947534,0.07551223636366243,0.18998116643640917,0.0445660303338261,0.2046370218947534
73.65993385018332,FFT,std_ratio,4,4,4,0.7163086162410092,0.6864630930604103,0.7541000442426717,0.7242545210620728,0.04674076336109224,0.6841942930683841,0.7802065586978889,0.6857068263964016,0.7628022157277441,0.6841942930683841,0.7802065586978889
73.65993385018332,SSA,wasserstein,4,4,4,1.6291759538895392,1.2015799559516231,2.1934102016252828,1.7658142036873667,1.1854033185579036,0.4755724394616,3.329332467508788,0.8103716911788952,2.8578949659936654,0.4755724394616,3.329332467508788
73.65993385018332,SSA,acf_l2,4,4,4,1.001567053024422,0.9662280364169221,1.0255518231060183,0.9902128064985184,0.04603235995734585,0.9300937447120528,1.027623375233177,0.9537856349666143,1.0262423404817378,0.9300937447120528,1.027623375233177
73.65993385018332,SSA,std_ratio,4,4,4,0.4156743072236244,0.325193742779767,0.5328923518119344,0.4424117873680769,0.20556967579350163,0.2270284893771562,0.7112700456479026,0.2886296471661867,0.6229314077144197,0.2270284893771562,0.7112700456479026
73.65993385018332,DSSRR,wasserstein,4,4,4,0.46449795081967193,0.3748804644808742,0.480763319672131,0.39114583333333325,0.17807853546227362,0.126058743169399,0.50952868852459,0.21233777322404376,0.49660177595628396,0.126058743169399,0.50952868852459
73.65993385018332,DSSRR,acf_l2,4,4,4,0.17418335732430795,0.16343708389161613,0.1788349692909037,0.16808869585821187,0.023325592368362964,0.1347836175405083,0.1892044512437233,0.14493233198203884,0.18515039826828883,0.1347836175405083,0.1892044512437233
73.65993385018332,DSSRR,std_ratio,4,4,4,1.199041659518508,1.1371151593233293,1.3080056699785967,1.246079169783418,0.22784396604798343,1.0231705879142723,1.5630627721823829,1.0731245999133712,1.4660712499183743,1.0231705879142723,1.5630627721823829
90.00000000000003,Linear,wasserstein,4,4,4,0.8606659677989172,0.738084088640437,1.222150576357371,1.0995686971988907,0.6854065447607796,0.5729904828936132,2.1039523703041145,0.6617970234306574,1.7762431003670969,0.5729904828936132,2.1039523703041145
90.00000000000003,Linear,acf_l2,4,4,4,0.9681105541198531,0.8273547170677563,1.002354613715114,0.8615987766630173,0.2575249690636036,0.4790782121975372,1.0310957862148258,0.6075022148686221,1.0119350045483513,0.4790782121975372,1.0310957862148258
90.00000000000003,Linear,std_ratio,4,4,4,0.42948816098349685,0.17727253083431693,0.6239864058688769,0.37177077571969686,0.3083172698757692,0.0,0.6281067809117937,0.11818168722287795,0.6253598642165158,0.0,0.6281067809117937
90.00000000000003,FFT,wasserstein,4,4,4,0.8030965155908709,0.572484060954717,1.1308017337986607,0.9001892791625068,0.570497438390953,0.3286682602666321,1.6658958252016531,0.48461045436605654,1.412860867530593,0.3286682602666321,1.6658958252016531
90.00000000000003,FFT,acf_l2,4,4,4,0.22845805936848546,0.1692093672432209,0.2648332081925592,0.20558451606729458,0.10163597134015273,0.0650379605009209,0.3003839850312865,0.11202420768726984,0.2766834671388016,0.0650379605009209,0.3003839850312865
90.00000000000003,FFT,std_ratio,4,4,4,0.6820929426912298,0.6284086201829404,0.7284899100908042,0.6748055875825147,0.06630662676173049,0.6002375842647797,0.7347988806828202,0.6190182748768869,0.7305929002881428,0.6002375842647797,0.7347988806828202
90.00000000000003,SSA,wasserstein,4,4,4,0.8611115164461858,0.7387703754593777,1.2212870548670065,1.0989459138801985,0.6837687885205174,0.5727852037998067,2.100775418828615,0.661619969569806,1.7741062556246032,0.5727852037998067,2.100775418828615
90.00000000000003,SSA,acf_l2,4,4,4,0.9575315624014555,0.8003566342358802,1.0009194995034119,0.8437445713378365,0.27955421934580066,0.429620818026785,1.03029434252165,0.5699975848110885,1.0107111138428246,0.429620818026785,1.03029434252165
90.00000000000003,SSA,std_ratio,4,4,4,0.42986802108268113,0.1805280741930569,0.6244044721270652,0.37506452523744094,0.3037718007237624,0.0118525322325275,0.628669526551874,0.1243028935395471,0.6258261569353347,0.0118525322325275,0.628669526551874
90.00000000000003,DSSRR,wasserstein,4,4,4,0.26397584973166377,0.15685794946332737,0.40103700805008946,0.29391910778175306,0.16636868015917822,0.15549530411449,0.4922294275491947,0.15640373434704824,0.4314344812164579,0.15549530411449,0.4922294275491947
90.00000000000003,DSSRR,acf_l2,4,4,4,0.17201711726040386,0.10451327629224172,0.22740119132609776,0.15989735035793562,0.09233744329043274,0.0469802090069067,0.2485749579040281,0.08533558719713005,0.2344591135187412,0.0469802090069067,0.2485749579040281
90.00000000000003,DSSRR,std_ratio,4,4,4,1.1536667433028422,1.130263075611252,1.1725493710039032,1.1491457033123131,0.06117325246495035,1.0700507915171424,1.2191985351264254,1.0917880060452891,1.2019823605888078,1.0700507915171424,1.2191985351264254
