n_pairs,median_diff,mean_diff,frac_units_better,W,p_unit,p_unit_less,p_perm_mean,p_perm_median,rank_biserial,diff_ci_lo,diff_ci_hi,mean_diff_ci_lo,mean_diff_ci_hi,n_record,frac_record_better,p_record,p_record_floor,rank_biserial_record,diff_ci_lo_record,diff_ci_hi_record,n_recscen,frac_recscen_better,p_recscen,p_recscen_floor,rank_biserial_recscen,diff_ci_lo_recscen,diff_ci_hi_recscen,metric,baseline,p_unit_holm,p_record_holm,p_recscen_holm,p_perm_mean_holm,p_perm_median_holm
18,-63.37733113776078,-61.343776679242104,0.9444444444444444,1.0,1.52587890625e-05,7.62939453125e-06,1.9999900000499998e-05,0.0020199899000504997,-0.9883040935672515,-84.81262365154367,-40.25105618666926,-76.39893668391478,-45.38186028891463,,,,,,,,,,,,,,,wasserstein,Linear,4.57763671875e-05,,,4.9999750001249995e-05,0.009399953000234999
18,-73.62503397942672,-74.78218645826799,1.0,0.0,7.62939453125e-06,3.814697265625e-06,9.999950000249999e-06,0.0020549897250513745,-1.0,-91.03435154649594,-52.187226360664766,-90.19939547960747,-60.23073761134563,,,,,,,,,,,,,,,wasserstein,CubicSpline,3.814697265625e-05,,,4.9999750001249995e-05,0.009399953000234999
18,9.558160167159304,8.358403010893923,0.3333333333333333,31.0,0.01593017578125,0.9930648803710938,0.010244948775256123,0.012019939900300498,0.6374269005847953,-1.230993020339782,17.168491846953472,3.046588453224529,13.699553151008924,,,,,,,,,,,,,,,wasserstein,FFT,0.01593017578125,,,0.010244948775256123,0.012019939900300498
18,-62.31863942642705,-60.955682697961215,1.0,0.0,7.62939453125e-06,3.814697265625e-06,9.999950000249999e-06,0.001994990025049875,-1.0,-75.30062970226874,-46.42878234883575,-73.30037963443539,-48.484976692524356,,,,,,,,,,,,,,,wasserstein,SSA,3.814697265625e-05,,,4.9999750001249995e-05,0.009399953000234999
18,-53.25455411422002,-51.17450203919855,0.9444444444444444,1.0,1.52587890625e-05,7.62939453125e-06,1.4999925000374999e-05,0.0018799906000469997,-0.9883040935672515,-63.39680281649677,-41.022845370045786,-60.72125771433142,-40.500541919624055,,,,,,,,,,,,,,,wasserstein,UNet,4.57763671875e-05,,,4.9999750001249995e-05,0.009399953000234999
18,-0.7044361902720722,-0.5983536442032729,1.0,0.0,7.62939453125e-06,3.814697265625e-06,9.999950000249999e-06,0.0020199899000504997,-1.0,-0.7680469277091029,-0.38884026230637364,-0.6999830984073465,-0.49066495090044265,,,,,,,,,,,,,,,acf_l2,Linear,3.814697265625e-05,,,4.9999750001249995e-05,0.009174954125229375
18,-0.7257849448628493,-0.5794285774852456,1.0,0.0,7.62939453125e-06,3.814697265625e-06,9.999950000249999e-06,0.0020199899000504997,-1.0,-0.7410045750337821,-0.3503058413087168,-0.682965847382928,-0.468255816683608,,,,,,,,,,,,,,,acf_l2,CubicSpline,3.814697265625e-05,,,4.9999750001249995e-05,0.009174954125229375
18,0.03767827879017479,0.043854576985479135,0.2777777777777778,40.0,0.04827880859375,0.9784164428710938,0.06546967265163674,0.10102449487752561,0.5321637426900585,-0.0025344062125167016,0.08901154145864422,0.000876763471628222,0.08651105131836412,,,,,,,,,,,,,,,acf_l2,FFT,0.04827880859375,,,0.06546967265163674,0.10102449487752561
18,-0.3906950885499616,-0.3789494578095518,0.9444444444444444,6.0,0.0001068115234375,5.340576171875e-05,9.999950000249999e-05,0.002014989925050375,-0.9298245614035088,-0.6336134120112342,-0.08580571105174335,-0.5190622037446295,-0.23717357476234557,,,,,,,,,,,,,,,acf_l2,SSA,0.0003204345703125,,,0.00026999865000674995,0.009174954125229375
18,-0.3564989675633352,-0.3906989948043623,0.8888888888888888,7.0,0.00014495849609375,7.2479248046875e-05,8.999955000224999e-05,0.0018349908250458748,-0.9181286549707602,-0.6561041022327091,-0.1331117388151048,-0.5388624922946652,-0.24340451351829567,,,,,,,,,,,,,,,acf_l2,UNet,0.0003204345703125,,,0.00026999865000674995,0.009174954125229375
