metric,record,Linear,FFT,SSA,DSSRR,diff_vs_Linear,diff_vs_FFT,diff_vs_SSA
wasserstein,S12_19760113_070152,1.7158710068689105,0.9388804345014101,1.6888747997342648,0.2737966849349938,-1.4420743219339167,-0.6650837495664164,-1.415078114799271
wasserstein,S12_19761114_230000,2.003213911263632,1.0853915282122995,2.003610221567272,0.48170214546858636,-1.5215117657950454,-0.6036893827437131,-1.5219080760986858
wasserstein,S15_19760125_160000,0.9004306511029763,0.35073869803244717,0.8884604225655836,0.14517179303215721,-0.755258858070819,-0.20556690500028996,-0.7432886295334263
wasserstein,S16_19761114_230000,2.3514963639155018,1.1343264292982385,2.347404309310544,0.47448760421414127,-1.8770087597013605,-0.6598388250840972,-1.8729167050964026
acf_l2,S12_19760113_070152,1.0062038502394521,0.15116592579932794,0.9841016909922192,0.26071184220379173,-0.7454920080356604,0.10954591640446379,-0.7233898487884275
acf_l2,S12_19761114_230000,0.930285378524644,0.12881826811266966,0.9212090006965461,0.22493655169746465,-0.7053488268271794,0.09611828358479499,-0.6962724489990815
acf_l2,S15_19760125_160000,0.9089318473320639,0.10871331158246264,0.8799832960235925,0.1165560639724339,-0.79237578335963,0.007842752389971258,-0.7634272320511586
acf_l2,S16_19761114_230000,0.9621807728157532,0.12583983164890314,0.9448608371026376,0.13996296892733295,-0.8222178038884203,0.014123137278429815,-0.8048978681753046
std_ratio,S12_19760113_070152,0.8598895686595829,0.16369333693380494,0.8576012004327298,0.03085143425713044,-0.8290381344024524,-0.1328419026766745,-0.8267497661755994
std_ratio,S12_19761114_230000,0.7759309961662828,0.09376559318720745,0.7748109682385909,0.1996806436151206,-0.5762503525511622,0.10591505042791316,-0.5751303246234702
std_ratio,S15_19760125_160000,0.7406341690577444,0.14170815230461198,0.7141813852609399,0.053362737696405205,-0.6872714313613392,-0.08834541460820677,-0.6608186475645347
std_ratio,S16_19761114_230000,0.7270472828584047,0.17587927591660613,0.7268665426115669,0.04676211209695591,-0.6802851707614488,-0.12911716381965022,-0.680104430514611
