metric,record,Linear,CubicSpline,FFT,SSA,UNet,DSSRR,diff_vs_Linear,diff_vs_CubicSpline,diff_vs_FFT,diff_vs_SSA,diff_vs_UNet
wasserstein,S12_19760113_070152,1.3918916614347907,1.3725818599470623,0.9466872490028202,1.3888570883084865,0.9964170717899554,0.2938266955568356,-1.098064965877955,-1.0787551643902267,-0.6528605534459846,-1.095030392751651,-0.7025903762331198
wasserstein,S12_19761114_230000,3.0893995386054325,3.016512936863533,1.6272256064367419,3.0826809390025343,2.2300114544975287,0.47980783255516957,-2.6095917060502627,-2.5367051043083633,-1.1474177738815723,-2.6028731064473645,-1.7502036219423591
wasserstein,S15_19760125_160000,0.608265906439585,0.7302145373978531,0.3601387950918088,0.6033168505730967,0.6982315670142057,0.1348471978716356,-0.47341870856794943,-0.5953673395262176,-0.2252915972201732,-0.4684696527014611,-0.5633843691425702
wasserstein,S15_19761114_230000,0.7612763597777303,0.7240394832027703,0.2701513036244924,0.7444595415021322,0.5934048530102305,0.1860444988863672,-0.5752318608913631,-0.5379949843164031,-0.08410680473812521,-0.558415042615765,-0.4073603541238633
wasserstein,S16_19760125_160000,1.7969450660464625,1.7487235545712403,0.6176104466381395,1.7966505644653905,1.2572530597488494,0.34672576211182354,-1.450219303934639,-1.4019977924594167,-0.2708846845263159,-1.449924802353567,-0.9105272976370258
wasserstein,S16_19761114_230000,2.83035294475268,2.7758829685720983,0.6224574653862939,2.8301512768953945,2.3200901069337476,0.35830357491409026,-2.4720493698385897,-2.417579393658008,-0.2641538904722036,-2.471847701981304,-1.9617865320196572
envelope_dist,S12_19760113_070152,1.3911037413406317,1.3718007098243454,0.9474015877819147,1.3880688112518165,0.9967060443174844,0.2940709297556923,-1.0970328115849395,-1.0777297800686532,-0.6533306580262224,-1.0939978814961242,-0.7026351145617922
envelope_dist,S12_19761114_230000,3.0872078355133277,3.0143271753557745,1.626584609827845,3.0804991450848074,2.2288016936111883,0.4802244778284022,-2.6069833576849253,-2.534102697527372,-1.1463601319994428,-2.600274667256405,-1.7485772157827861
envelope_dist,S15_19760125_160000,0.6083851945950549,0.7302830866059291,0.35952754278671256,0.6034360500217741,0.6980012199985137,0.1349921592370433,-0.4733930353580116,-0.5952909273688858,-0.22453538354966926,-0.4684438907847308,-0.5630090607614704
envelope_dist,S15_19761114_230000,0.7615761888900145,0.7243278229667307,0.2693845530726035,0.7447609153161574,0.5934432098715321,0.1858937294884942,-0.5756824594015204,-0.5384340934782366,-0.08349082358410931,-0.5588671858276633,-0.4075494803830379
envelope_dist,S16_19760125_160000,1.7962543463559195,1.7480559291284727,0.6149432064384383,1.7959543762291434,1.2575137942975099,0.3470146939324481,-1.4492396524234714,-1.4010412351960246,-0.26792851250599015,-1.4489396822966953,-0.9104991003650618
envelope_dist,S16_19761114_230000,2.8279640506458503,2.769829527107185,0.6213048378540036,2.8274762664698914,2.3187798516044276,0.35830415444182667,-2.4696598962040235,-2.4115253726653583,-0.2630006834121769,-2.4691721120280645,-1.960475697162601
spec_entropy_err,S12_19760113_070152,0.28058867631930806,0.27955256066047,0.02146355944229985,0.17254736606791246,0.047832271217885046,0.07252016380511139,-0.20806851251419667,-0.20703239685535862,0.05105660436281154,-0.10002720226280107,0.024687892587226347
spec_entropy_err,S12_19761114_230000,0.2693468528134839,0.2683956308947155,0.02756421414050835,0.0972397272182106,0.07153100020375219,0.0289562433172943,-0.24039060949618962,-0.23943938757742123,0.00139202917678595,-0.06828348390091629,-0.04257475688645789
spec_entropy_err,S15_19760125_160000,0.5413173523976086,0.5357758663264833,0.10428388477267315,0.28463431381987475,0.2716526701974067,0.0448833653663694,-0.4964339870312392,-0.49089250096011394,-0.05940051940630375,-0.23975094845350536,-0.2267693048310373
spec_entropy_err,S15_19761114_230000,0.6069301836659624,0.5988068505111681,0.174262435493702,0.3672452006305452,0.42205122944715656,0.023361091970716598,-0.5835690916952458,-0.5754457585404515,-0.1509013435229854,-0.3438841086598286,-0.39869013747643994
spec_entropy_err,S16_19760125_160000,0.3611257150325363,0.36008959936894624,0.03740571104786685,0.23472984299049254,0.08900712788980075,0.0240386622921192,-0.3370870527404171,-0.33605093707682704,-0.013367048755747651,-0.21069118069837334,-0.06496846559768155
spec_entropy_err,S16_19761114_230000,0.3336808673805711,0.3297259706644202,0.041367659526373154,0.2873350164873507,0.034424903687990796,0.0153173614354545,-0.31836350594511664,-0.31440860922896574,-0.026050298090918654,-0.27201765505189623,-0.019107542252536296
acf_l2,S12_19760113_070152,0.9958428248610534,1.008451680434389,0.09630218985125069,0.9948173388261894,0.9635201368525218,0.23740467226272985,-0.7584381525983235,-0.7710470081716592,0.14110248241147916,-0.7574126665634595,-0.7261154645897919
acf_l2,S12_19761114_230000,0.8512109766670328,0.8767630733526652,0.0540535953709134,0.7767875139228837,0.6056250092480772,0.27158305483208667,-0.5796279218349462,-0.6051800185205786,0.21752945946117327,-0.505204459090797,-0.3340419544159905
acf_l2,S15_19760125_160000,0.9255734560420887,0.9260972201260342,0.08463964222038485,0.8543814669521497,0.8354149762516051,0.107538092434159,-0.8180353636079297,-0.8185591276918752,0.022898450213774152,-0.7468433745179907,-0.7278768838174461
acf_l2,S15_19761114_230000,0.805440056852633,0.8380566831103429,0.09257850384141515,0.6074536334854503,0.7688159017296738,0.13924551038287966,-0.6661945464697533,-0.6988111727274632,0.04666700654146451,-0.46820812310257065,-0.6295703913467942
acf_l2,S16_19760125_160000,0.9619789726916932,0.9771312902647395,0.06723204669244995,0.9529915349643236,0.9515967993250755,0.19741996376837206,-0.7645590089233212,-0.7797113264963675,0.13018791707592212,-0.7555715711959516,-0.7541768355567033
acf_l2,S16_19761114_230000,0.9331259871894553,0.9479599350156933,0.11496022297924535,0.9280939246873509,0.8270246452739318,0.17703304176934803,-0.7560929454201073,-0.7709268932463453,0.06207281879010268,-0.7510608829180028,-0.6499916035045838
