case,record,anom_type,level,method,wasserstein_raw,wasserstein_round
S12_19760113_070152_stationary,S12_19760113_070152,dropout,large,Linear,1.3829111338361504,1.310649895178197
S12_19760113_070152_stationary,S12_19760113_070152,dropout,large,CubicSpline,1.344291465007534,1.310691823899371
S12_19760113_070152_stationary,S12_19760113_070152,dropout,large,FFT,0.27054235558339884,0.0901886792452831
S12_19760113_070152_stationary,S12_19760113_070152,dropout,large,SSA,1.3824010488322198,1.310649895178197
S12_19760113_070152_stationary,S12_19760113_070152,dropout,large,UNet,1.0753489061271622,0.9072536687631028
S12_19760113_070152_stationary,S12_19760113_070152,dropout,large,DSSRR,0.3209643605870022,0.3209643605870022
S12_19760113_070152_stationary,S12_19760113_070152,dropout,medium,Linear,1.4008721905400872,1.4008721905400872
S12_19760113_070152_stationary,S12_19760113_070152,dropout,medium,CubicSpline,1.4008721905400872,1.4008721905400872
S12_19760113_070152_stationary,S12_19760113_070152,dropout,medium,FFT,1.269126096134896,1.1833277423683328
S12_19760113_070152_stationary,S12_19760113_070152,dropout,medium,SSA,1.3953137018663777,1.3990271720899026
S12_19760113_070152_stationary,S12_19760113_070152,dropout,medium,UNet,1.2714858594175873,1.2616571620261656
S12_19760113_070152_stationary,S12_19760113_070152,dropout,medium,DSSRR,0.3443475343844349,0.3443475343844349
S12_19760113_070152_stationary,S12_19760113_070152,dropout,small,Linear,1.5045571483195457,1.4489179667840966
S12_19760113_070152_stationary,S12_19760113_070152,dropout,small,CubicSpline,1.4659263484131229,1.4489179667840966
S12_19760113_070152_stationary,S12_19760113_070152,dropout,small,FFT,0.2685256289907839,0.18470055359838958
S12_19760113_070152_stationary,S12_19760113_070152,dropout,small,SSA,1.5027987706223263,1.4489179667840966
S12_19760113_070152_stationary,S12_19760113_070152,dropout,small,UNet,0.9413675462773654,0.9999999999999999
S12_19760113_070152_stationary,S12_19760113_070152,dropout,small,DSSRR,0.2586814292903875,0.2586814292903875
S12_19760113_070152_stationary,S12_19760113_070152,spike,large,Linear,0.1517646985176282,0.1346153846153847
S12_19760113_070152_stationary,S12_19760113_070152,spike,large,CubicSpline,0.14241458208133015,0.13461538461538464
S12_19760113_070152_stationary,S12_19760113_070152,spike,large,FFT,0.3173816387469952,0.21153846153846154
S12_19760113_070152_stationary,S12_19760113_070152,spike,large,SSA,0.18916516426282054,0.12820512820512828
S12_19760113_070152_stationary,S12_19760113_070152,spike,large,UNet,16.561321551983173,16.53205128205128
S12_19760113_070152_stationary,S12_19760113_070152,spike,large,DSSRR,0.4102564102564102,0.4102564102564102
S12_19760113_070152_stationary,S12_19760113_070152,spike,medium,Linear,0.04285714285714286,0.05714285714285715
S12_19760113_070152_stationary,S12_19760113_070152,spike,medium,CubicSpline,0.04285714285714287,0.05714285714285715
S12_19760113_070152_stationary,S12_19760113_070152,spike,medium,FFT,0.5006731305803571,0.37142857142857144
S12_19760113_070152_stationary,S12_19760113_070152,spike,medium,SSA,0.13235386439732144,0.02857142857142858
S12_19760113_070152_stationary,S12_19760113_070152,spike,medium,UNet,4.991544886997768,5.057142857142858
S12_19760113_070152_stationary,S12_19760113_070152,spike,medium,DSSRR,0.7428571428571429,0.7428571428571429
S12_19760113_070152_stationary,S12_19760113_070152,spike,small,Linear,0.2,0.0
S12_19760113_070152_stationary,S12_19760113_070152,spike,small,CubicSpline,0.2,0.0
S12_19760113_070152_stationary,S12_19760113_070152,spike,small,FFT,0.7280029296874999,0.8
S12_19760113_070152_stationary,S12_19760113_070152,spike,small,SSA,0.28052978515625,0.0
S12_19760113_070152_stationary,S12_19760113_070152,spike,small,UNet,1.6332763671875001,1.8
S12_19760113_070152_stationary,S12_19760113_070152,spike,small,DSSRR,0.3999999999999999,0.3999999999999999
S12_19760113_070152_transient,S12_19760113_070152,dropout,large,Linear,2.8573109215310537,2.8549266247379457
S12_19760113_070152_transient,S12_19760113_070152,dropout,large,CubicSpline,2.85508840245021,2.8549266247379457
S12_19760113_070152_transient,S12_19760113_070152,dropout,large,FFT,2.0371800951687793,2.0031027253668765
S12_19760113_070152_transient,S12_19760113_070152,dropout,large,SSA,2.856182536319117,2.8540041928721176
S12_19760113_070152_transient,S12_19760113_070152,dropout,large,UNet,0.9475604644711413,0.8965618448637318
S12_19760113_070152_transient,S12_19760113_070152,dropout,large,DSSRR,0.0887211740041929,0.0887211740041929
S12_19760113_070152_transient,S12_19760113_070152,dropout,medium,Linear,1.1904288685109863,1.0078832606507884
S12_19760113_070152_transient,S12_19760113_070152,dropout,medium,CubicSpline,1.1305399488099108,1.0078832606507884
S12_19760113_070152_transient,S12_19760113_070152,dropout,medium,FFT,1.0401410368695747,1.0556860114055686
S12_19760113_070152_transient,S12_19760113_070152,dropout,medium,SSA,1.1912337709137035,1.0073800738007381
S12_19760113_070152_transient,S12_19760113_070152,dropout,medium,UNet,0.9787926787459902,0.9438108017443811
S12_19760113_070152_transient,S12_19760113_070152,dropout,medium,DSSRR,0.266689030526669,0.266689030526669
S12_19760113_070152_transient,S12_19760113_070152,dropout,small,Linear,0.816191475056618,0.7589330649219929
S12_19760113_070152_transient,S12_19760113_070152,dropout,small,CubicSpline,0.7697930223208669,0.758933064921993
S12_19760113_070152_transient,S12_19760113_070152,dropout,small,FFT,0.8532338096799117,0.9687971816809261
S12_19760113_070152_transient,S12_19760113_070152,dropout,small,SSA,0.8153745500538658,0.7599396074484146
S12_19760113_070152_transient,S12_19760113_070152,dropout,small,UNet,1.0140414648339204,1.073980875691998
S12_19760113_070152_transient,S12_19760113_070152,dropout,small,DSSRR,0.3286361348766985,0.3286361348766985
S12_19760113_070152_transient,S12_19760113_070152,spike,large,Linear,0.1934673602764423,0.15384615384615385
S12_19760113_070152_transient,S12_19760113_070152,spike,large,CubicSpline,0.1777797601161859,0.15384615384615388
S12_19760113_070152_transient,S12_19760113_070152,spike,large,FFT,0.4962340134840746,0.33333333333333337
S12_19760113_070152_transient,S12_19760113_070152,spike,large,SSA,0.2847325251652644,0.17948717948717957
S12_19760113_070152_transient,S12_19760113_070152,spike,large,UNet,17.194525107359276,17.205128205128208
S12_19760113_070152_transient,S12_19760113_070152,spike,large,DSSRR,0.8012820512820512,0.8012820512820512
S12_19760113_070152_transient,S12_19760113_070152,spike,medium,Linear,0.07142857142857145,0.05714285714285716
S12_19760113_070152_transient,S12_19760113_070152,spike,medium,CubicSpline,0.07142857142857145,0.05714285714285716
S12_19760113_070152_transient,S12_19760113_070152,spike,medium,FFT,1.3215907505580358,1.2571428571428571
S12_19760113_070152_transient,S12_19760113_070152,spike,medium,SSA,0.17774483816964287,0.11428571428571432
S12_19760113_070152_transient,S12_19760113_070152,spike,medium,UNet,4.554607282366073,4.542857142857142
S12_19760113_070152_transient,S12_19760113_070152,spike,medium,DSSRR,0.5142857142857142,0.5142857142857142
S12_19760113_070152_transient,S12_19760113_070152,spike,small,Linear,0.1,0.0
S12_19760113_070152_transient,S12_19760113_070152,spike,small,CubicSpline,0.1,0.0
S12_19760113_070152_transient,S12_19760113_070152,spike,small,FFT,0.375,0.39999999999999997
S12_19760113_070152_transient,S12_19760113_070152,spike,small,SSA,0.28861083984374997,0.2
S12_19760113_070152_transient,S12_19760113_070152,spike,small,UNet,1.71021728515625,1.8000000000000003
S12_19760113_070152_transient,S12_19760113_070152,spike,small,DSSRR,0.2,0.2
S12_19761114_230000_stationary,S12_19761114_230000,dropout,large,Linear,2.788216519465736,2.68272536687631
S12_19761114_230000_stationary,S12_19761114_230000,dropout,large,CubicSpline,2.6862346951466685,2.625995807127882
S12_19761114_230000_stationary,S12_19761114_230000,dropout,large,FFT,1.4425386210507565,1.4646540880503145
S12_19761114_230000_stationary,S12_19761114_230000,dropout,large,SSA,2.788003843295499,2.682557651991614
S12_19761114_230000_stationary,S12_19761114_230000,dropout,large,UNet,2.4590445963541665,2.1592452830188678
S12_19761114_230000_stationary,S12_19761114_230000,dropout,large,DSSRR,0.2801677148846959,0.2801677148846959
S12_19761114_230000_stationary,S12_19761114_230000,dropout,medium,Linear,5.355987118858893,5.354075813485408
S12_19761114_230000_stationary,S12_19761114_230000,dropout,medium,CubicSpline,5.35417111309452,5.354075813485408
S12_19761114_230000_stationary,S12_19761114_230000,dropout,medium,FFT,1.811912575011204,1.7876551492787653
S12_19761114_230000_stationary,S12_19761114_230000,dropout,medium,SSA,5.357853538515743,5.357094934585709
S12_19761114_230000_stationary,S12_19761114_230000,dropout,medium,UNet,1.7917178108243483,1.7988929889298892
S12_19761114_230000_stationary,S12_19761114_230000,dropout,medium,DSSRR,0.624958067762496,0.624958067762496
S12_19761114_230000_stationary,S12_19761114_230000,dropout,small,Linear,3.3905824873395827,3.301962757926523
S12_19761114_230000_stationary,S12_19761114_230000,dropout,small,CubicSpline,3.3467911296473956,3.301962757926523
S12_19761114_230000_stationary,S12_19761114_230000,dropout,small,FFT,1.1146231633547747,1.1308505284348263
S12_19761114_230000_stationary,S12_19761114_230000,dropout,small,SSA,3.3773579475084143,3.286361348766986
S12_19761114_230000_stationary,S12_19761114_230000,dropout,small,UNet,2.9734602276860134,3.0513336688475086
S12_19761114_230000_stationary,S12_19761114_230000,dropout,small,DSSRR,0.3985908404630096,0.3985908404630096
S12_19761114_230000_stationary,S12_19761114_230000,spike,large,Linear,0.29857694185697103,0.21794871794871776
S12_19761114_230000_stationary,S12_19761114_230000,spike,large,CubicSpline,0.28121224427834524,0.23717948717948703
S12_19761114_230000_stationary,S12_19761114_230000,spike,large,FFT,1.2237288646208935,1.2371794871794872
S12_19761114_230000_stationary,S12_19761114_230000,spike,large,SSA,0.34164585211338133,0.2692307692307693
S12_19761114_230000_stationary,S12_19761114_230000,spike,large,UNet,15.896931379269333,15.87820512820513
S12_19761114_230000_stationary,S12_19761114_230000,spike,large,DSSRR,3.0769230769230766,3.0769230769230766
S12_19761114_230000_stationary,S12_19761114_230000,spike,medium,Linear,0.2057146344866071,0.1428571428571428
S12_19761114_230000_stationary,S12_19761114_230000,spike,medium,CubicSpline,0.1921282087053571,0.1428571428571428
S12_19761114_230000_stationary,S12_19761114_230000,spike,medium,FFT,1.3400643484933037,1.4000000000000001
S12_19761114_230000_stationary,S12_19761114_230000,spike,medium,SSA,0.2896397181919642,0.14285714285714285
S12_19761114_230000_stationary,S12_19761114_230000,spike,medium,UNet,3.3127171107700892,3.2857142857142856
S12_19761114_230000_stationary,S12_19761114_230000,spike,medium,DSSRR,0.9142857142857141,0.9142857142857141
S12_19761114_230000_stationary,S12_19761114_230000,spike,small,Linear,0.1,0.2
S12_19761114_230000_stationary,S12_19761114_230000,spike,small,CubicSpline,0.1,0.2
S12_19761114_230000_stationary,S12_19761114_230000,spike,small,FFT,1.4569946289062499,1.2000000000000002
S12_19761114_230000_stationary,S12_19761114_230000,spike,small,SSA,0.25334472656249996,0.2
S12_19761114_230000_stationary,S12_19761114_230000,spike,small,UNet,1.729052734375,1.6
S12_19761114_230000_stationary,S12_19761114_230000,spike,small,DSSRR,0.9999999999999999,0.9999999999999999
S12_19761114_230000_transient,S12_19761114_230000,dropout,large,Linear,4.066205450733753,4.066205450733753
S12_19761114_230000_transient,S12_19761114_230000,dropout,large,CubicSpline,4.066205450733753,4.066205450733753
S12_19761114_230000_transient,S12_19761114_230000,dropout,large,FFT,2.6206709926133387,2.640712788259958
S12_19761114_230000_transient,S12_19761114_230000,dropout,large,SSA,4.061466229516754,4.064360587002096
S12_19761114_230000_transient,S12_19761114_230000,dropout,large,UNet,2.1617782112937305,2.1532494758909855
S12_19761114_230000_transient,S12_19761114_230000,dropout,large,DSSRR,0.5428092243186584,0.5428092243186584
S12_19761114_230000_transient,S12_19761114_230000,dropout,medium,Linear,2.5298557531029857,2.5298557531029857
S12_19761114_230000_transient,S12_19761114_230000,dropout,medium,CubicSpline,2.5298557531029857,2.5298557531029857
S12_19761114_230000_transient,S12_19761114_230000,dropout,medium,FFT,1.2093208412802565,1.2063066085206304
S12_19761114_230000_transient,S12_19761114_230000,dropout,medium,SSA,2.5099811214842442,2.527507547802751
S12_19761114_230000_transient,S12_19761114_230000,dropout,medium,UNet,2.2982446977013273,1.9778597785977863
S12_19761114_230000_transient,S12_19761114_230000,dropout,medium,DSSRR,0.4168064407916808,0.4168064407916808
S12_19761114_230000_transient,S12_19761114_230000,dropout,small,Linear,1.8349983818157867,1.66482133870156
S12_19761114_230000_transient,S12_19761114_230000,dropout,small,CubicSpline,1.7762190382505816,1.66482133870156
S12_19761114_230000_transient,S12_19761114_230000,dropout,small,FFT,3.1639759080999155,3.1545042778057373
S12_19761114_230000_transient,S12_19761114_230000,dropout,small,SSA,1.83617176503228,1.6643180674383489
S12_19761114_230000_transient,S12_19761114_230000,dropout,small,UNet,1.7395791301909678,1.6899849018621036
S12_19761114_230000_transient,S12_19761114_230000,dropout,small,DSSRR,0.9285354806240566,0.9285354806240566
S12_19761114_230000_transient,S12_19761114_230000,spike,large,Linear,0.2932168031350161,0.21153846153846168
S12_19761114_230000_transient,S12_19761114_230000,spike,large,CubicSpline,0.27249028132512026,0.22435897435897456
S12_19761114_230000_transient,S12_19761114_230000,spike,large,FFT,0.6505588629306891,0.5897435897435898
S12_19761114_230000_transient,S12_19761114_230000,spike,large,SSA,0.3263743473933294,0.2500000000000001
S12_19761114_230000_transient,S12_19761114_230000,spike,large,UNet,15.870023482885115,15.846153846153843
S12_19761114_230000_transient,S12_19761114_230000,spike,large,DSSRR,1.5192307692307694,1.5192307692307694
S12_19761114_230000_transient,S12_19761114_230000,spike,medium,Linear,0.15428641183035718,0.1428571428571429
S12_19761114_230000_transient,S12_19761114_230000,spike,medium,CubicSpline,0.15480608258928574,0.1428571428571429
S12_19761114_230000_transient,S12_19761114_230000,spike,medium,FFT,1.3019862583705355,1.2571428571428571
S12_19761114_230000_transient,S12_19761114_230000,spike,medium,SSA,0.3059012276785715,0.17142857142857149
S12_19761114_230000_transient,S12_19761114_230000,spike,medium,UNet,3.663208879743303,3.685714285714286
S12_19761114_230000_transient,S12_19761114_230000,spike,medium,DSSRR,1.2285714285714286,1.2285714285714286
S12_19761114_230000_transient,S12_19761114_230000,spike,small,Linear,0.09999999999999998,0.0
S12_19761114_230000_transient,S12_19761114_230000,spike,small,CubicSpline,0.09999999999999998,0.0
S12_19761114_230000_transient,S12_19761114_230000,spike,small,FFT,1.013995361328125,0.9999999999999999
S12_19761114_230000_transient,S12_19761114_230000,spike,small,SSA,0.32259521484375,0.19999999999999996
S12_19761114_230000_transient,S12_19761114_230000,spike,small,UNet,1.795574951171875,1.8
S12_19761114_230000_transient,S12_19761114_230000,spike,small,DSSRR,0.0,0.0
S15_19760125_160000_stationary,S15_19760125_160000,dropout,large,Linear,0.5637889754897144,0.4324528301886793
S15_19760125_160000_stationary,S15_19760125_160000,dropout,large,CubicSpline,0.5103956946287016,0.4324528301886793
S15_19760125_160000_stationary,S15_19760125_160000,dropout,large,FFT,0.3778371610181636,0.25572327044025156
S15_19760125_160000_stationary,S15_19760125_160000,dropout,large,SSA,0.5637375984751705,0.4324528301886793
S15_19760125_160000_stationary,S15_19760125_160000,dropout,large,UNet,0.6128136887140495,0.6565199161425578
S15_19760125_160000_stationary,S15_19760125_160000,dropout,large,DSSRR,0.1640251572327044,0.1640251572327044
S15_19760125_160000_stationary,S15_19760125_160000,dropout,medium,Linear,0.5594109884247369,0.424689701442469
S15_19760125_160000_stationary,S15_19760125_160000,dropout,medium,CubicSpline,0.5054321698557007,0.424689701442469
S15_19760125_160000_stationary,S15_19760125_160000,dropout,medium,FFT,0.4410188374844065,0.33109694733310974
S15_19760125_160000_stationary,S15_19760125_160000,dropout,medium,SSA,0.55761599996593,0.424689701442469
S15_19760125_160000_stationary,S15_19760125_160000,dropout,medium,UNet,0.6168464832120356,0.6568265682656825
S15_19760125_160000_stationary,S15_19760125_160000,dropout,medium,DSSRR,0.10566923851056687,0.10566923851056687
S15_19760125_160000_stationary,S15_19760125_160000,dropout,small,Linear,0.6527428283844994,0.6527428283844994
S15_19760125_160000_stationary,S15_19760125_160000,dropout,small,CubicSpline,0.6527428283844994,0.6527428283844994
S15_19760125_160000_stationary,S15_19760125_160000,dropout,small,FFT,0.30350622245277903,0.18319073980875694
S15_19760125_160000_stationary,S15_19760125_160000,dropout,small,SSA,0.64289481974632,0.6527428283844994
S15_19760125_160000_stationary,S15_19760125_160000,dropout,small,UNet,0.6730107545972651,0.6477101157523907
S15_19760125_160000_stationary,S15_19760125_160000,dropout,small,DSSRR,0.09310518369401106,0.09310518369401106
S15_19760125_160000_stationary,S15_19760125_160000,spike,large,Linear,0.07633776542467949,0.03205128205128198
S15_19760125_160000_stationary,S15_19760125_160000,spike,large,CubicSpline,0.062401013496594535,0.03205128205128198
S15_19760125_160000_stationary,S15_19760125_160000,spike,large,FFT,0.4659441434420073,0.42307692307692313
S15_19760125_160000_stationary,S15_19760125_160000,spike,large,SSA,0.24636899507962742,0.1474358974358975
S15_19760125_160000_stationary,S15_19760125_160000,spike,large,UNet,17.71398162841797,17.724358974358974
S15_19760125_160000_stationary,S15_19760125_160000,spike,large,DSSRR,0.21153846153846168,0.21153846153846168
S15_19760125_160000_stationary,S15_19760125_160000,spike,medium,Linear,0.2257149832589286,0.1142857142857143
S15_19760125_160000_stationary,S15_19760125_160000,spike,medium,CubicSpline,0.2041573660714286,0.1142857142857143
S15_19760125_160000_stationary,S15_19760125_160000,spike,medium,FFT,0.30983973911830354,0.20000000000000007
S15_19760125_160000_stationary,S15_19760125_160000,spike,medium,SSA,0.29265747070312503,0.28571428571428575
S15_19760125_160000_stationary,S15_19760125_160000,spike,medium,UNet,6.222806222098216,6.2
S15_19760125_160000_stationary,S15_19760125_160000,spike,medium,DSSRR,0.7142857142857143,0.7142857142857143
S15_19760125_160000_stationary,S15_19760125_160000,spike,small,Linear,0.2,0.0
S15_19760125_160000_stationary,S15_19760125_160000,spike,small,CubicSpline,0.2,0.0
S15_19760125_160000_stationary,S15_19760125_160000,spike,small,FFT,0.398004150390625,0.4
S15_19760125_160000_stationary,S15_19760125_160000,spike,small,SSA,0.360321044921875,0.2
S15_19760125_160000_stationary,S15_19760125_160000,spike,small,UNet,1.5770263671875,1.6
S15_19760125_160000_stationary,S15_19760125_160000,spike,small,DSSRR,0.8,0.8
S15_19760125_160000_transient,S15_19760125_160000,dropout,large,Linear,0.8638550188556406,0.7148846960167714
S15_19760125_160000_transient,S15_19760125_160000,dropout,large,CubicSpline,0.8076862583120414,0.7148846960167714
S15_19760125_160000_transient,S15_19760125_160000,dropout,large,FFT,0.31125119895055353,0.23056603773584888
S15_19760125_160000_transient,S15_19760125_160000,dropout,large,SSA,0.8618775821581826,0.7126624737945491
S15_19760125_160000_transient,S15_19760125_160000,dropout,large,UNet,0.8970647617556013,0.9860796645702306
S15_19760125_160000_transient,S15_19760125_160000,dropout,large,DSSRR,0.5518238993710691,0.5518238993710691
S15_19760125_160000_transient,S15_19760125_160000,dropout,medium,Linear,0.9386097505883617,0.8552499161355249
S15_19760125_160000_transient,S15_19760125_160000,dropout,medium,CubicSpline,1.1086588299382416,1.1489433076148943
S15_19760125_160000_transient,S15_19760125_160000,dropout,medium,FFT,0.6087517647165773,0.6494464944649447
S15_19760125_160000_transient,S15_19760125_160000,dropout,medium,SSA,0.9336814841980985,0.8482053002348205
S15_19760125_160000_transient,S15_19760125_160000,dropout,medium,UNet,0.7343069368942757,0.9288829251928883
S15_19760125_160000_transient,S15_19760125_160000,dropout,medium,DSSRR,0.06742703790674275,0.06742703790674275
S15_19760125_160000_transient,S15_19760125_160000,dropout,small,Linear,0.3810199954489337,0.2717664821338702
S15_19760125_160000_transient,S15_19760125_160000,dropout,small,CubicSpline,0.8456784283388903,0.8772018117765477
S15_19760125_160000_transient,S15_19760125_160000,dropout,small,FFT,0.3424405547681021,0.2934071464519376
S15_19760125_160000_transient,S15_19760125_160000,dropout,small,SSA,0.35845775249079964,0.26824358329139414
S15_19760125_160000_transient,S15_19760125_160000,dropout,small,UNet,0.7234523794311463,0.7976849521892301
S15_19760125_160000_transient,S15_19760125_160000,dropout,small,DSSRR,0.24408656265727224,0.24408656265727224
S15_19760125_160000_transient,S15_19760125_160000,spike,large,Linear,0.2767220521584535,0.12179487179487188
S15_19760125_160000_transient,S15_19760125_160000,spike,large,CubicSpline,0.2554057194636418,0.14102564102564105
S15_19760125_160000_transient,S15_19760125_160000,spike,large,FFT,0.3838092119265825,0.28846153846153844
S15_19760125_160000_transient,S15_19760125_160000,spike,large,SSA,0.28426321958884215,0.14743589743589736
S15_19760125_160000_transient,S15_19760125_160000,spike,large,UNet,17.060505793644833,17.064102564102562
S15_19760125_160000_transient,S15_19760125_160000,spike,large,DSSRR,0.2884615384615384,0.2884615384615384
S15_19760125_160000_transient,S15_19760125_160000,spike,medium,Linear,0.20857282366071428,0.11428571428571427
S15_19760125_160000_transient,S15_19760125_160000,spike,medium,CubicSpline,0.1687569754464285,0.08571428571428569
S15_19760125_160000_transient,S15_19760125_160000,spike,medium,FFT,0.8866463797433036,0.8285714285714286
S15_19760125_160000_transient,S15_19760125_160000,spike,medium,SSA,0.2741960797991071,0.11428571428571427
S15_19760125_160000_transient,S15_19760125_160000,spike,medium,UNet,4.278839983258929,4.3428571428571425
S15_19760125_160000_transient,S15_19760125_160000,spike,medium,DSSRR,0.8857142857142858,0.8857142857142858
S15_19760125_160000_transient,S15_19760125_160000,spike,small,Linear,0.29999999999999993,0.39999999999999997
S15_19760125_160000_transient,S15_19760125_160000,spike,small,CubicSpline,0.29999999999999993,0.39999999999999997
S15_19760125_160000_transient,S15_19760125_160000,spike,small,FFT,0.9419982910156248,0.9999999999999999
S15_19760125_160000_transient,S15_19760125_160000,spike,small,SSA,0.684375,0.5999999999999999
S15_19760125_160000_transient,S15_19760125_160000,spike,small,UNet,1.192950439453125,1.2
S15_19760125_160000_transient,S15_19760125_160000,spike,small,DSSRR,0.3999999999999999,0.3999999999999999
S15_19761114_230000_stationary,S15_19761114_230000,dropout,large,Linear,0.8610770679700112,0.8353651197423813
S15_19761114_230000_stationary,S15_19761114_230000,dropout,large,CubicSpline,0.8429179313505061,0.8353651197423813
S15_19761114_230000_stationary,S15_19761114_230000,dropout,large,FFT,0.5901031898237687,0.6680487285505113
S15_19761114_230000_stationary,S15_19761114_230000,dropout,large,SSA,0.8609448392066629,0.8353651197423813
S15_19761114_230000_stationary,S15_19761114_230000,dropout,large,UNet,0.4919382522940775,0.23913641733313
S15_19761114_230000_stationary,S15_19761114_230000,dropout,large,DSSRR,0.5254429402774778,0.5254429402774778
S15_19761114_230000_stationary,S15_19761114_230000,dropout,medium,Linear,0.4514731695950589,0.3034096936862507
S15_19761114_230000_stationary,S15_19761114_230000,dropout,medium,CubicSpline,0.39434450718324104,0.3034096936862507
S15_19761114_230000_stationary,S15_19761114_230000,dropout,medium,FFT,0.2427204212152041,0.12589686729057406
S15_19761114_230000_stationary,S15_19761114_230000,dropout,medium,SSA,0.45167821885069614,0.3034096936862507
S15_19761114_230000_stationary,S15_19761114_230000,dropout,medium,UNet,0.5165758974463699,0.6026812939252186
S15_19761114_230000_stationary,S15_19761114_230000,dropout,medium,DSSRR,0.10633281143140783,0.10633281143140783
S15_19761114_230000_stationary,S15_19761114_230000,dropout,small,Linear,0.4088809930564293,0.2455963764469049
S15_19761114_230000_stationary,S15_19761114_230000,dropout,small,CubicSpline,0.35090521249449547,0.2455963764469049
S15_19761114_230000_stationary,S15_19761114_230000,dropout,small,FFT,0.2282452979277413,0.13537996980372416
S15_19761114_230000_stationary,S15_19761114_230000,dropout,small,SSA,0.4002404637713497,0.23653749370910926
S15_19761114_230000_stationary,S15_19761114_230000,dropout,small,UNet,0.45009128856610936,0.4499245093105183
S15_19761114_230000_stationary,S15_19761114_230000,dropout,small,DSSRR,0.22043281328636136,0.22043281328636136
S15_19761114_230000_stationary,S15_19761114_230000,spike,large,Linear,0.14953459887294396,0.11107382527173379
S15_19761114_230000_stationary,S15_19761114_230000,spike,large,CubicSpline,0.1372291679960409,0.11107382527173379
S15_19761114_230000_stationary,S15_19761114_230000,spike,large,FFT,0.4512060412188744,0.43131407402026767
S15_19761114_230000_stationary,S15_19761114_230000,spike,large,SSA,0.22394858312274363,0.1454770488445883
S15_19761114_230000_stationary,S15_19761114_230000,spike,large,UNet,17.515756408317642,17.508237150943344
S15_19761114_230000_stationary,S15_19761114_230000,spike,large,DSSRR,0.2811342563801825,0.2811342563801825
S15_19761114_230000_stationary,S15_19761114_230000,spike,medium,Linear,0.205515982903257,0.19148207269286593
S15_19761114_230000_stationary,S15_19761114_230000,spike,medium,CubicSpline,0.1985309452358463,0.19148207269286593
S15_19761114_230000_stationary,S15_19761114_230000,spike,medium,FFT,0.5031983908273641,0.32248288440995343
S15_19761114_230000_stationary,S15_19761114_230000,spike,medium,SSA,0.24901137910861415,0.22005350126429452
S15_19761114_230000_stationary,S15_19761114_230000,spike,medium,UNet,5.637808628217419,5.534339215550009
S15_19761114_230000_stationary,S15_19761114_230000,spike,medium,DSSRR,0.351054312981382,0.351054312981382
S15_19761114_230000_stationary,S15_19761114_230000,spike,small,Linear,0.23920214870069004,0.40614086887743495
S15_19761114_230000_stationary,S15_19761114_230000,spike,small,CubicSpline,0.24008105495069004,0.40614086887743495
S15_19761114_230000_stationary,S15_19761114_230000,spike,small,FFT,0.40316845676805996,0.2061408688774349
S15_19761114_230000_stationary,S15_19761114_230000,spike,small,SSA,0.30853198268506504,0.2061408688774349
S15_19761114_230000_stationary,S15_19761114_230000,spike,small,UNet,1.3886101076850652,1.393859131122565
S15_19761114_230000_stationary,S15_19761114_230000,spike,small,DSSRR,0.006140868877434969,0.006140868877434969
S15_19761114_230000_transient,S15_19761114_230000,dropout,large,Linear,1.330230607966457,1.330230607966457
S15_19761114_230000_transient,S15_19761114_230000,dropout,large,CubicSpline,1.330230607966457,1.330230607966457
S15_19761114_230000_transient,S15_19761114_230000,dropout,large,FFT,0.2738747138897078,0.1766876310272536
S15_19761114_230000_transient,S15_19761114_230000,dropout,large,SSA,1.321696343571885,1.3271278825995807
S15_19761114_230000_transient,S15_19761114_230000,dropout,large,UNet,0.8614707246216589,0.8359329140461216
S15_19761114_230000_transient,S15_19761114_230000,dropout,large,DSSRR,0.1516561844863731,0.1516561844863731
S15_19761114_230000_transient,S15_19761114_230000,dropout,medium,Linear,1.0238175109023817,1.0238175109023817
S15_19761114_230000_transient,S15_19761114_230000,dropout,medium,CubicSpline,1.0238175109023817,1.0238175109023817
S15_19761114_230000_transient,S15_19761114_230000,dropout,medium,FFT,0.3771498563984662,0.2933579335793357
S15_19761114_230000_transient,S15_19761114_230000,dropout,medium,SSA,0.9897241397257499,1.0082187185508218
S15_19761114_230000_transient,S15_19761114_230000,dropout,medium,UNet,0.7871550387561981,0.7910097282791009
S15_19761114_230000_transient,S15_19761114_230000,dropout,medium,DSSRR,0.4942972156994298,0.4942972156994298
S15_19761114_230000_transient,S15_19761114_230000,dropout,small,Linear,0.661475586183238,0.5113236034222446
S15_19761114_230000_transient,S15_19761114_230000,dropout,small,CubicSpline,0.6051609018188537,0.5113236034222446
S15_19761114_230000_transient,S15_19761114_230000,dropout,small,FFT,0.266428194396389,0.1394061399094112
S15_19761114_230000_transient,S15_19761114_230000,dropout,small,SSA,0.6279739971189686,0.455460493205838
S15_19761114_230000_transient,S15_19761114_230000,dropout,small,UNet,0.6702338085740909,0.684952189229995
S15_19761114_230000_transient,S15_19761114_230000,dropout,small,DSSRR,0.12481127327629582,0.12481127327629582
S15_19761114_230000_transient,S15_19761114_230000,spike,large,Linear,0.22968976925580936,0.16025641025641021
S15_19761114_230000_transient,S15_19761114_230000,spike,large,CubicSpline,0.18667563413962346,0.12820512820512822
S15_19761114_230000_transient,S15_19761114_230000,spike,large,FFT,0.5660811204176682,0.5384615384615383
S15_19761114_230000_transient,S15_19761114_230000,spike,large,SSA,0.2261129525991586,0.14102564102564102
S15_19761114_230000_transient,S15_19761114_230000,spike,large,UNet,17.479348598382412,17.49358974358974
S15_19761114_230000_transient,S15_19761114_230000,spike,large,DSSRR,0.13461538461538472,0.13461538461538472
S15_19761114_230000_transient,S15_19761114_230000,spike,medium,Linear,0.17142857142857143,0.14285714285714285
S15_19761114_230000_transient,S15_19761114_230000,spike,medium,CubicSpline,0.1660714285714286,0.14285714285714285
S15_19761114_230000_transient,S15_19761114_230000,spike,medium,FFT,0.5473170689174107,0.5428571428571429
S15_19761114_230000_transient,S15_19761114_230000,spike,medium,SSA,0.2585658482142858,0.17142857142857143
S15_19761114_230000_transient,S15_19761114_230000,spike,medium,UNet,5.190399169921877,5.199999999999999
S15_19761114_230000_transient,S15_19761114_230000,spike,medium,DSSRR,0.6285714285714286,0.6285714285714286
S15_19761114_230000_transient,S15_19761114_230000,spike,small,Linear,0.1,0.2
S15_19761114_230000_transient,S15_19761114_230000,spike,small,CubicSpline,0.1,0.2
S15_19761114_230000_transient,S15_19761114_230000,spike,small,FFT,0.352996826171875,0.19999999999999996
S15_19761114_230000_transient,S15_19761114_230000,spike,small,SSA,0.14970703125,0.0
S15_19761114_230000_transient,S15_19761114_230000,spike,small,UNet,1.4656677246093752,1.4
S15_19761114_230000_transient,S15_19761114_230000,spike,small,DSSRR,0.0,0.0
S16_19760125_160000_stationary,S16_19760125_160000,dropout,large,Linear,1.0803481460667257,1.051153039832285
S16_19760125_160000_stationary,S16_19760125_160000,dropout,large,CubicSpline,1.0554442642819706,1.0511949685534592
S16_19760125_160000_stationary,S16_19760125_160000,dropout,large,FFT,0.3549013060243875,0.2958490566037736
S16_19760125_160000_stationary,S16_19760125_160000,dropout,large,SSA,1.0802807949873885,1.051153039832285
S16_19760125_160000_stationary,S16_19760125_160000,dropout,large,UNet,1.162192061642181,1.1359329140461218
S16_19760125_160000_stationary,S16_19760125_160000,dropout,large,DSSRR,0.2840251572327045,0.2840251572327045
S16_19760125_160000_stationary,S16_19760125_160000,dropout,medium,Linear,1.7664099088334186,1.692720563569272
S16_19760125_160000_stationary,S16_19760125_160000,dropout,medium,CubicSpline,1.7182926867720822,1.692720563569272
S16_19760125_160000_stationary,S16_19760125_160000,dropout,medium,FFT,0.9456227944625859,1.0095605501509561
S16_19760125_160000_stationary,S16_19760125_160000,dropout,medium,SSA,1.7654711631511288,1.692720563569272
S16_19760125_160000_stationary,S16_19760125_160000,dropout,medium,UNet,1.2735285101541534,1.248909761824891
S16_19760125_160000_stationary,S16_19760125_160000,dropout,medium,DSSRR,0.19624287151962425,0.19624287151962425
S16_19760125_160000_stationary,S16_19760125_160000,dropout,small,Linear,1.175680282431508,1.09813789632612
S16_19760125_160000_stationary,S16_19760125_160000,dropout,small,CubicSpline,1.0865994258087726,0.9924509310518369
S16_19760125_160000_stationary,S16_19760125_160000,dropout,small,FFT,0.46896403772961753,0.4086562657272269
S16_19760125_160000_stationary,S16_19760125_160000,dropout,small,SSA,1.1777164975662116,1.0976346250629088
S16_19760125_160000_stationary,S16_19760125_160000,dropout,small,UNet,1.2409776093435454,1.1031706089582285
S16_19760125_160000_stationary,S16_19760125_160000,dropout,small,DSSRR,0.4735782586814293,0.4735782586814293
S16_19760125_160000_stationary,S16_19760125_160000,spike,large,Linear,0.12881117600661057,0.07692307692307696
S16_19760125_160000_stationary,S16_19760125_160000,spike,large,CubicSpline,0.10947848588992384,0.06410256410256412
S16_19760125_160000_stationary,S16_19760125_160000,spike,large,FFT,0.6832932692307693,0.6410256410256411
S16_19760125_160000_stationary,S16_19760125_160000,spike,large,SSA,0.24852576622596156,0.11538461538461553
S16_19760125_160000_stationary,S16_19760125_160000,spike,large,UNet,16.758258917392826,16.782051282051285
S16_19760125_160000_stationary,S16_19760125_160000,spike,large,DSSRR,0.8205128205128204,0.8205128205128204
S16_19760125_160000_stationary,S16_19760125_160000,spike,medium,Linear,0.08571428571428574,0.02857142857142858
S16_19760125_160000_stationary,S16_19760125_160000,spike,medium,CubicSpline,0.07618931361607145,0.02857142857142858
S16_19760125_160000_stationary,S16_19760125_160000,spike,medium,FFT,1.1357107979910714,1.1142857142857143
S16_19760125_160000_stationary,S16_19760125_160000,spike,medium,SSA,0.13841901506696433,0.05714285714285716
S16_19760125_160000_stationary,S16_19760125_160000,spike,medium,UNet,4.869930594308037,4.857142857142856
S16_19760125_160000_stationary,S16_19760125_160000,spike,medium,DSSRR,1.5142857142857142,1.5142857142857142
S16_19760125_160000_stationary,S16_19760125_160000,spike,small,Linear,0.2,0.19999999999999996
S16_19760125_160000_stationary,S16_19760125_160000,spike,small,CubicSpline,0.2,0.19999999999999996
S16_19760125_160000_stationary,S16_19760125_160000,spike,small,FFT,0.330999755859375,0.19999999999999996
S16_19760125_160000_stationary,S16_19760125_160000,spike,small,SSA,0.20054321289062502,0.0
S16_19760125_160000_stationary,S16_19760125_160000,spike,small,UNet,1.6864501953125002,1.8
S16_19760125_160000_stationary,S16_19760125_160000,spike,small,DSSRR,0.2,0.2
S16_19760125_160000_transient,S16_19760125_160000,dropout,large,Linear,1.8274802102782695,1.7210062893081761
S16_19760125_160000_transient,S16_19760125_160000,dropout,large,CubicSpline,1.7791542344323248,1.7210062893081761
S16_19760125_160000_transient,S16_19760125_160000,dropout,large,FFT,1.9796698509872086,1.9756813417190775
S16_19760125_160000_transient,S16_19760125_160000,dropout,large,SSA,1.8278299148527584,1.720587002096436
S16_19760125_160000_transient,S16_19760125_160000,dropout,large,UNet,1.2388611454034004,1.2695178197064991
S16_19760125_160000_transient,S16_19760125_160000,dropout,large,DSSRR,0.1996645702306077,0.1996645702306077
S16_19760125_160000_transient,S16_19760125_160000,dropout,medium,Linear,2.0928653178299803,1.9958067762495808
S16_19760125_160000_transient,S16_19760125_160000,dropout,medium,CubicSpline,2.0338562994505565,1.9958067762495808
S16_19760125_160000_transient,S16_19760125_160000,dropout,medium,FFT,0.3295110570068769,0.20546796377054674
S16_19760125_160000_transient,S16_19760125_160000,dropout,medium,SSA,2.0933739970251044,1.993458570949346
S16_19760125_160000_transient,S16_19760125_160000,dropout,medium,UNet,1.821256871113078,1.7146930560214693
S16_19760125_160000_transient,S16_19760125_160000,dropout,medium,DSSRR,0.40942636699094265,0.40942636699094265
S16_19760125_160000_transient,S16_19760125_160000,dropout,small,Linear,3.0533467539003523,3.0533467539003523
S16_19760125_160000_transient,S16_19760125_160000,dropout,small,CubicSpline,3.0533467539003523,3.0533467539003523
S16_19760125_160000_transient,S16_19760125_160000,dropout,small,FFT,0.7662568689892504,0.7262204328132864
S16_19760125_160000_transient,S16_19760125_160000,dropout,small,SSA,3.020022434029198,3.0382486160040263
S16_19760125_160000_transient,S16_19760125_160000,dropout,small,UNet,1.8669499789402602,1.9401107196779064
S16_19760125_160000_transient,S16_19760125_160000,dropout,small,DSSRR,1.0201308505284348,1.0201308505284348
S16_19760125_160000_transient,S16_19760125_160000,spike,large,Linear,0.19780985514322919,0.09615384615384615
S16_19760125_160000_transient,S16_19760125_160000,spike,large,CubicSpline,0.18676268748747998,0.13461538461538458
S16_19760125_160000_transient,S16_19760125_160000,spike,large,FFT,0.45508301563752,0.4230769230769231
S16_19760125_160000_transient,S16_19760125_160000,spike,large,SSA,0.24789370023287263,0.17948717948717952
S16_19760125_160000_transient,S16_19760125_160000,spike,large,UNet,17.085882724859776,17.083333333333332
S16_19760125_160000_transient,S16_19760125_160000,spike,large,DSSRR,0.75,0.75
S16_19760125_160000_transient,S16_19760125_160000,spike,medium,Linear,0.1400006975446429,0.08571428571428574
S16_19760125_160000_transient,S16_19760125_160000,spike,medium,CubicSpline,0.11427525111607145,0.08571428571428574
S16_19760125_160000_transient,S16_19760125_160000,spike,medium,FFT,1.4398550851004464,1.3999999999999997
S16_19760125_160000_transient,S16_19760125_160000,spike,medium,SSA,0.20479474748883933,0.02857142857142858
S16_19760125_160000_transient,S16_19760125_160000,spike,medium,UNet,3.674537004743304,3.657142857142857
S16_19760125_160000_transient,S16_19760125_160000,spike,medium,DSSRR,1.1999999999999997,1.1999999999999997
S16_19760125_160000_transient,S16_19760125_160000,spike,small,Linear,0.0,0.0
S16_19760125_160000_transient,S16_19760125_160000,spike,small,CubicSpline,0.0,0.0
S16_19760125_160000_transient,S16_19760125_160000,spike,small,FFT,1.523992919921875,1.4
S16_19760125_160000_transient,S16_19760125_160000,spike,small,SSA,0.07317504882812498,0.0
S16_19760125_160000_transient,S16_19760125_160000,spike,small,UNet,1.8690856933593751,1.8
S16_19760125_160000_transient,S16_19760125_160000,spike,small,DSSRR,1.2,1.2
S16_19761114_230000_stationary,S16_19761114_230000,dropout,large,Linear,3.1977707478585233,3.1369392033542978
S16_19761114_230000_stationary,S16_19761114_230000,dropout,large,CubicSpline,3.1632452840425183,3.1369392033542978
S16_19761114_230000_stationary,S16_19761114_230000,dropout,large,FFT,0.6368311775255502,0.6318238993710689
S16_19761114_230000_stationary,S16_19761114_230000,dropout,large,SSA,3.1969137272544876,3.1353459119496856
S16_19761114_230000_stationary,S16_19761114_230000,dropout,large,UNet,2.6590751433622413,2.63685534591195
S16_19761114_230000_stationary,S16_19761114_230000,dropout,large,DSSRR,0.36985324947589093,0.36985324947589093
S16_19761114_230000_stationary,S16_19761114_230000,dropout,medium,Linear,3.2052411550005497,3.123783965112378
S16_19761114_230000_stationary,S16_19761114_230000,dropout,medium,CubicSpline,3.148415571569157,3.123783965112378
S16_19761114_230000_stationary,S16_19761114_230000,dropout,medium,FFT,0.4519484864509733,0.38544112713854406
S16_19761114_230000_stationary,S16_19761114_230000,dropout,medium,SSA,3.203813124806718,3.1204293861120425
S16_19761114_230000_stationary,S16_19761114_230000,dropout,medium,UNet,2.3007841983604496,2.3074471653807445
S16_19761114_230000_stationary,S16_19761114_230000,dropout,medium,DSSRR,0.3292519288829252,0.3292519288829252
S16_19761114_230000_stationary,S16_19761114_230000,dropout,small,Linear,3.292396641401532,3.1892299949672873
S16_19761114_230000_stationary,S16_19761114_230000,dropout,small,CubicSpline,3.2137974593647773,3.143935581278309
S16_19761114_230000_stationary,S16_19761114_230000,dropout,small,FFT,0.9367144065822377,0.9843985908404629
S16_19761114_230000_stationary,S16_19761114_230000,dropout,small,SSA,3.292759795973633,3.187216909914444
S16_19761114_230000_stationary,S16_19761114_230000,dropout,small,UNet,3.117793274693712,3.2642174131857074
S16_19761114_230000_stationary,S16_19761114_230000,dropout,small,DSSRR,0.3467539003522897,0.3467539003522897
S16_19761114_230000_stationary,S16_19761114_230000,spike,large,Linear,0.2936976506159855,0.23076923076923073
S16_19761114_230000_stationary,S16_19761114_230000,spike,large,CubicSpline,0.31633386856470347,0.26282051282051266
S16_19761114_230000_stationary,S16_19761114_230000,spike,large,FFT,1.473878713754507,1.4166666666666665
S16_19761114_230000_stationary,S16_19761114_230000,spike,large,SSA,0.34634653727213544,0.25641025641025644
S16_19761114_230000_stationary,S16_19761114_230000,spike,large,UNet,14.87939961751302,14.871794871794872
S16_19761114_230000_stationary,S16_19761114_230000,spike,large,DSSRR,1.3461538461538463,1.3461538461538463
S16_19761114_230000_stationary,S16_19761114_230000,spike,medium,Linear,0.29238106863839286,0.2571428571428572
S16_19761114_230000_stationary,S16_19761114_230000,spike,medium,CubicSpline,0.31843697684151784,0.28571428571428575
S16_19761114_230000_stationary,S16_19761114_230000,spike,medium,FFT,2.1055393763950887,2.1714285714285717
S16_19761114_230000_stationary,S16_19761114_230000,spike,medium,SSA,0.3071943010602679,0.28571428571428575
S16_19761114_230000_stationary,S16_19761114_230000,spike,medium,UNet,4.386601911272321,4.428571428571428
S16_19761114_230000_stationary,S16_19761114_230000,spike,medium,DSSRR,2.942857142857143,2.942857142857143
S16_19761114_230000_stationary,S16_19761114_230000,spike,small,Linear,0.0,0.0
S16_19761114_230000_stationary,S16_19761114_230000,spike,small,CubicSpline,0.0,0.0
S16_19761114_230000_stationary,S16_19761114_230000,spike,small,FFT,3.7250000000000005,3.8000000000000003
S16_19761114_230000_stationary,S16_19761114_230000,spike,small,SSA,0.226605224609375,0.2
S16_19761114_230000_stationary,S16_19761114_230000,spike,small,UNet,1.777191162109375,1.8
S16_19761114_230000_stationary,S16_19761114_230000,spike,small,DSSRR,3.8000000000000003,3.8000000000000003
S16_19761114_230000_transient,S16_19761114_230000,dropout,large,Linear,1.4826696393474843,1.4337945492662474
S16_19761114_230000_transient,S16_19761114_230000,dropout,large,CubicSpline,1.295835493235718,1.2368553459119496
S16_19761114_230000_transient,S16_19761114_230000,dropout,large,FFT,2.0509643004475397,2.0511949685534594
S16_19761114_230000_transient,S16_19761114_230000,dropout,large,SSA,1.4828264625917191,1.4340461215932914
S16_19761114_230000_transient,S16_19761114_230000,dropout,large,UNet,1.864363435309388,1.9113626834381554
S16_19761114_230000_transient,S16_19761114_230000,dropout,large,DSSRR,1.104109014675052,1.104109014675052
S16_19761114_230000_transient,S16_19761114_230000,dropout,medium,Linear,1.0267535762793263,1.008889634350889
S16_19761114_230000_transient,S16_19761114_230000,dropout,medium,CubicSpline,0.9499053903891314,0.9267024488426703
S16_19761114_230000_transient,S16_19761114_230000,dropout,medium,FFT,0.6080836693099265,0.5397517611539753
S16_19761114_230000_transient,S16_19761114_230000,dropout,medium,SSA,1.0226142010565613,1.0046964106004697
S16_19761114_230000_transient,S16_19761114_230000,dropout,medium,UNet,1.6480786957943931,1.6133847702113386
S16_19761114_230000_transient,S16_19761114_230000,dropout,medium,DSSRR,0.2943643072794365,0.2943643072794365
S16_19761114_230000_transient,S16_19761114_230000,dropout,small,Linear,2.462935072846549,2.283844992450931
S16_19761114_230000_transient,S16_19761114_230000,dropout,small,CubicSpline,2.4033504461126225,2.283844992450931
S16_19761114_230000_transient,S16_19761114_230000,dropout,small,FFT,0.5593997550238661,0.5269250125817816
S16_19761114_230000_transient,S16_19761114_230000,dropout,small,SSA,2.463388996863401,2.291897332662305
S16_19761114_230000_transient,S16_19761114_230000,dropout,small,UNet,2.3393960155070457,2.440362355309512
S16_19761114_230000_transient,S16_19761114_230000,dropout,small,DSSRR,0.6602918973326619,0.6602918973326619
S16_19761114_230000_transient,S16_19761114_230000,spike,large,Linear,0.21900548690404645,0.13461538461538436
S16_19761114_230000_transient,S16_19761114_230000,spike,large,CubicSpline,0.22409390180538852,0.19871794871794848
S16_19761114_230000_transient,S16_19761114_230000,spike,large,FFT,0.7406442104241784,0.6923076923076921
S16_19761114_230000_transient,S16_19761114_230000,spike,large,SSA,0.24718925280448714,0.16666666666666663
S16_19761114_230000_transient,S16_19761114_230000,spike,large,UNet,15.729308886405748,15.698717948717947
S16_19761114_230000_transient,S16_19761114_230000,spike,large,DSSRR,1.2564102564102564,1.2564102564102564
S16_19761114_230000_transient,S16_19761114_230000,spike,medium,Linear,0.34571533203125004,0.25714285714285723
S16_19761114_230000_transient,S16_19761114_230000,spike,medium,CubicSpline,0.30640345982142864,0.25714285714285723
S16_19761114_230000_transient,S16_19761114_230000,spike,medium,FFT,2.0892665318080357,2.0571428571428574
S16_19761114_230000_transient,S16_19761114_230000,spike,medium,SSA,0.36021554129464295,0.2571428571428572
S16_19761114_230000_transient,S16_19761114_230000,spike,medium,UNet,4.031284005301339,4.028571428571429
S16_19761114_230000_transient,S16_19761114_230000,spike,medium,DSSRR,1.6857142857142855,1.6857142857142855
S16_19761114_230000_transient,S16_19761114_230000,spike,small,Linear,0.2,0.4
S16_19761114_230000_transient,S16_19761114_230000,spike,small,CubicSpline,0.2,0.4
S16_19761114_230000_transient,S16_19761114_230000,spike,small,FFT,2.1830017089843747,2.4
S16_19761114_230000_transient,S16_19761114_230000,spike,small,SSA,0.46447753906249994,0.19999999999999996
S16_19761114_230000_transient,S16_19761114_230000,spike,small,UNet,1.96375732421875,2.0
S16_19761114_230000_transient,S16_19761114_230000,spike,small,DSSRR,0.7999999999999998,0.7999999999999998
