event,level,length_min,truth_ok,w_new,w_arch,a_new,a_arch,dw,da,dgap_max,w_new_vs_arch
S12_19760113_070152,02.00min,2.0,True,2.8838872735188694,2.8104688174760524,0.7610441242295701,0.7598941402792041,0.07341845604281705,0.0011499839503660292,0.9825524851472665,0.08341351964096257
S12_19760113_070152,02.44min,2.44,True,1.681974777232682,1.7167873304076644,0.5736767059988471,0.5762141782791111,-0.03481255317498233,-0.0025374722802640193,1.5228706583271787,0.054600794699021446
S12_19760113_070152,02.99min,2.99,True,1.8266788312150128,1.6813247539259948,0.8595274040956089,0.6957925402984457,0.14535407728901806,0.16373486379716318,1.6196160731086593,0.20250439264308293
S12_19760113_070152,03.65min,3.65,True,1.7887806860040505,1.7798395031982255,0.542534375999478,0.44796169261047364,0.00894118280582501,0.09457268338900432,0.5615917710466647,0.02900339634609601
S12_19760113_070152,04.46min,4.46,True,1.498598596314768,1.4859418330827627,0.9683825669483068,0.7249195015550346,0.012656763232005375,0.24346306539327223,0.8800797717182149,0.08700494407906635
S12_19760113_070152,05.45min,5.45,True,3.181813855868263,3.0786436719652137,0.5562996216707496,0.1930699458346524,0.10317018390304922,0.3632296758360972,1.1692102562219588,0.1153671026484729
S12_19760113_070152,06.65min,6.65,True,1.8443151019794948,1.8525499039676634,1.0254310958886776,0.9555804320875455,-0.008234801988168616,0.06985066380113214,0.9481960072516813,0.023382182150536893
S12_19760113_070152,08.13min,8.13,True,4.291343323998459,4.269366925305659,1.0070168953454037,0.7390633849848457,0.021976398692799215,0.26795351036055803,1.3627813740142187,0.06990318378715443
S12_19760113_070152,09.93min,9.93,True,1.5254904481562481,1.527445464956516,0.9998208150361317,0.9502412561207547,-0.0019550168002677726,0.04957955891537702,1.4819430223440122,0.022315072148736306
S12_19760113_070152,12.14min,12.14,True,1.6957748222358475,1.6842654529630827,0.5652031585599488,0.10370665039456238,0.011509369272764802,0.46149650816538645,0.2890243411806068,0.02104332571803408
S12_19760113_070152,14.83min,14.83,True,1.724467532749905,1.719946247647636,0.5325837445485953,0.40874409780180976,0.004521285102269124,0.12383964674678549,1.2597447934360844,0.011479960148111161
S12_19760113_070152,18.12min,18.12,True,1.186733895017431,1.1934569227882479,1.0119271205459806,1.0038755810912585,-0.006723027770816792,0.008051539454722034,0.9516371441123965,0.01927778700478667
S12_19760113_070152,22.14min,22.14,True,1.4384478541282746,1.438818459239362,1.030898615825546,1.0207426219992213,-0.0003706051110874409,0.010155993826324705,0.7409822886318125,0.004091847066296621
S12_19760113_070152,27.05min,27.05,True,1.5430678005069671,1.536257113521735,0.5574235738437852,0.4890834129233699,0.006810686985232017,0.06834016092041528,0.6658494984548042,0.007043582922671919
S12_19760113_070152,33.05min,33.05,True,1.413815516660371,1.4165304610492941,1.0546912518303897,1.0346280779668389,-0.0027149443889231684,0.02006317386355083,1.0461301606563893,0.007307912872670077
S12_19760113_070152,40.38min,40.38,True,1.0072772757449358,1.0068918360153671,1.0411529826420178,1.0316907334296501,0.00038543972956861516,0.009462249212367713,1.1692900233537102,0.012561556258673317
S12_19760113_070152,49.34min,49.34,True,2.4313520580248005,2.429339346929927,1.0355651439257092,1.0018022115526257,0.0020127110948733318,0.033762932373083476,2.045241016990758,0.006904576506620847
S12_19760113_070152,60.29min,60.29,True,3.2434195785096094,3.235696766177913,0.539277888168149,0.037146573780902546,0.00772281233169636,0.5021313143872465,0.7944677311041914,0.007761133773634523
S12_19760113_070152,73.66min,73.66,True,1.443582461465049,1.4435956861152024,1.0248613055562918,1.0237208250371912,-1.3224650153409456e-05,0.0011404805191006506,1.0264117449150945,0.0062777863580371004
S12_19760113_070152,90.00min,90.0,True,0.5727852037898568,0.5862086744769104,1.03029434253798,1.0371111441775378,-0.013423470687053629,-0.006816801639557779,2.1548555435166463,0.01635301172716036
S12_19761114_230000,02.00min,2.0,True,1.4567864574825724,1.3721415074027363,0.3538793985125267,0.35744031601007303,0.08464495007983608,-0.0035609174975463342,1.144824778973998,0.19004639494143719
S12_19761114_230000,02.44min,2.44,True,1.9920358389288821,1.9362609298140914,0.5472966136891741,0.49407742024589235,0.05577490911479077,0.0532191934432818,1.5756612591994212,0.1501254269960233
S12_19761114_230000,02.99min,2.99,True,3.0095580167999945,2.9768773941001476,0.6397831356176519,0.5671843932955869,0.03268062269984684,0.07259874232206498,1.4401103617780677,0.08725918665506435
S12_19761114_230000,03.65min,3.65,True,2.0168340372332967,2.0216878395422335,0.7368283066039976,0.7235424709966585,-0.004853802308936839,0.013285835607339092,0.8605165649994433,0.013844567106637755
S12_19761114_230000,04.46min,4.46,True,2.910500015290924,2.89321033141952,0.743490336822983,0.6527166655837825,0.017289683871403838,0.09077367123920055,2.4272289852114,0.056798027228158784
S12_19761114_230000,05.45min,5.45,True,3.9758364029791937,3.967985087123809,0.7955783204175185,0.7540640639854183,0.007851315855384566,0.04151425643210027,2.72925447442708,0.12420017892624574
S12_19761114_230000,06.65min,6.65,True,2.015184604205662,2.02465642696966,0.8774062036225184,0.8840150602267445,-0.009471822763997828,-0.006608856604226054,0.6555654334950418,0.01570209360815599
S12_19761114_230000,08.13min,8.13,True,1.4205231440693318,1.4226957925475467,0.9289982411050883,0.9317353333742089,-0.002172648478214967,-0.0027370922691205557,0.8491388053280957,0.01268447277789488
S12_19761114_230000,09.93min,9.93,True,1.2952249701570846,1.281087566732183,0.9312767391017044,0.9042344632757536,0.014137403424901551,0.027042275825950757,1.5189503355508123,0.026456065559892522
S12_19761114_230000,12.14min,12.14,True,3.3429334886664206,3.329772487502024,0.46417322920598814,0.1414499828156897,0.01316100116439678,0.3227232463902984,0.9809688827689342,0.01371775449756791
S12_19761114_230000,14.83min,14.83,True,1.9843146580575883,1.9724920297093667,0.9134197602880038,0.7519282229795602,0.011822628348221675,0.16149153730844357,1.3784039691014414,0.03440429136590989
S12_19761114_230000,18.12min,18.12,True,1.703039745749955,1.7250622239987354,0.9612779526386029,0.781245285323912,-0.02202247824878034,0.18003266731469092,1.7730331228364093,0.045746087244157206
S12_19761114_230000,22.14min,22.14,True,2.608132434968416,2.612483833069396,0.9696030732352388,0.9793802913583586,-0.004351398100979953,-0.009777218123119824,1.1235350586451318,0.031277782363799855
S12_19761114_230000,27.05min,27.05,True,2.5297016188757566,2.522518830932174,0.9764301443012009,0.9608434944058577,0.007182787943582625,0.015586649895343196,1.6443071167016114,0.010731297690999468
S12_19761114_230000,33.05min,33.05,True,1.0319171403858283,1.0289514628442422,0.9911457727628453,0.9875950352680735,0.0029656775415860537,0.0035507374947718606,0.8586690445549152,0.014106555628022393
S12_19761114_230000,40.38min,40.38,True,1.6314479796680326,1.631501223182096,1.0169755800713745,1.0093399423421139,-5.324351406343908e-05,0.007635637729260569,0.9917028289960399,0.004921114381071476
S12_19761114_230000,49.34min,49.34,True,5.020819295017636,5.030511712352107,1.03324098692084,1.0308926863810928,-0.009692417334471237,0.0023483005397473278,1.4758278532606255,0.018759754770419558
S12_19761114_230000,60.29min,60.29,True,1.6161977447912514,1.620547240334786,1.024324553067501,1.019856868800458,-0.004349495543534587,0.004467684267043026,0.9438298266501874,0.007017094179811244
S12_19761114_230000,73.66min,73.66,True,1.8147694463924453,1.817662337047806,1.0276233755808555,1.0270503976480223,-0.0028928906553606915,0.0005729779328331741,1.6286097263890156,0.004842227632343289
S12_19761114_230000,90.00min,90.0,True,2.1007754189557195,2.102207999323263,0.4296208152665851,0.4866260029941553,-0.0014325803675436788,-0.05700518772757024,0.9286380838902346,0.001986927902770051
S15_19760125_160000,02.00min,2.0,True,1.3646454963205708,1.4170403408644787,0.2266491567504009,0.35783456888742343,-0.05239484454390797,-0.13118541213702253,1.7241814520114644,0.05288444394751492
S15_19760125_160000,02.44min,2.44,True,0.9452120233764343,0.9361982620302051,0.5372803240686744,0.6196016352042618,0.009013761346229221,-0.08232131113558738,0.6267225158668452,0.032536731748759706
S15_19760125_160000,02.99min,2.99,True,0.8945965567056203,0.9092884658260715,0.4829912498622275,0.6453024215820137,-0.014691909120451152,-0.16231117171978615,1.549136976637385,0.04194072552819681
S15_19760125_160000,03.65min,3.65,True,0.5472331221802408,0.5491562257710201,0.6943981014412585,0.7256390119875437,-0.001923103590779296,-0.031240910546285194,0.9518214920518062,0.026920715757458625
S15_19760125_160000,04.46min,4.46,True,0.4708460159825675,0.47131232268116013,0.7785480047379069,0.7763446460236916,-0.0004663066985926556,0.0022033587142152866,0.9625063793636741,0.02019286015711975
S15_19760125_160000,05.45min,5.45,True,0.9356792748704669,0.9357272458682158,0.7920904319212322,0.7949927889803409,-4.79709977488918e-05,-0.0029023570591086845,1.0152220437688015,0.02080286643142904
S15_19760125_160000,06.65min,6.65,True,0.6530852471619566,0.6524713909815228,0.8414532909593572,0.835880816452629,0.0006138561804337472,0.005572474506728153,1.7281992294979887,0.022264066036921534
S15_19760125_160000,08.13min,8.13,True,0.5126962507016192,0.5073373246901105,0.8775757150427421,0.8730753895347234,0.005358926011508669,0.00450032550801871,0.6177418243434545,0.009287352633572924
S15_19760125_160000,09.93min,9.93,True,0.8823242884255468,0.8789822773318797,0.18939159421339563,0.3002554403791656,0.003342011093667052,-0.11086384616576994,0.43621148302901247,0.0036742175646146706
S15_19760125_160000,12.14min,12.14,True,1.0561551222516012,1.047317090602736,0.16041152427348698,0.33738403426972696,0.008838031648865208,-0.17697250999623998,1.0277765470278268,0.011235229451072857
S15_19760125_160000,14.83min,14.83,True,1.6498711323107753,1.6476930781680716,0.8953103214403739,0.8203672785448229,0.002178054142703667,0.07494304289555098,1.618664336215943,0.00995786108224189
S15_19760125_160000,18.12min,18.12,True,0.8716955693614085,0.8738512417582626,0.8823908770044427,0.9044322790745725,-0.0021556723968541025,-0.022041402070129723,0.7749877391113955,0.007112523846842262
S15_19760125_160000,22.14min,22.14,True,1.160885901381799,1.1631010073096275,0.930063957084737,0.928439926166377,-0.0022151059278285867,0.0016240309183599422,1.0948009077012557,0.003784318414363442
S15_19760125_160000,27.05min,27.05,True,0.7591668340358337,0.759362473971653,0.9132186351284164,0.955258649323766,-0.00019563993581928063,-0.04204001419534964,0.9059645431831314,0.010028988322162253
S15_19760125_160000,33.05min,33.05,True,0.7562348625122137,0.7564755011628365,0.9385059813859561,0.9460357172332419,-0.0002406386506227376,-0.007529735847285779,0.786689634107006,0.0019866444314320824
S15_19760125_160000,40.38min,40.38,True,1.8554950483324222,1.85712219896045,0.9547498312708133,0.954831916597038,-0.0016271506280278736,-8.208532622477893e-05,0.7633658837141866,0.0019821964528628534
S15_19760125_160000,49.34min,49.34,True,1.4056300686986902,1.4054072300228395,0.9432891665926179,0.9381938015235074,0.0002228386758507117,0.005095365069110458,1.0312884093413572,0.0014850313654644687
S15_19760125_160000,60.29min,60.29,True,1.6288472851267302,1.6285100359686666,0.9553977562147923,0.9570780816940957,0.00033724915806354616,-0.0016803254793034128,1.6557041106350994,0.0036295276884654787
S15_19760125_160000,73.66min,73.66,True,0.4755724395540237,0.4746756475479875,0.9300937449478611,0.929490610219789,0.0008967920060361512,0.0006031347280721633,1.6150988479102466,0.004119740537043804
S15_19760125_160000,90.00min,90.0,True,0.7940987659879022,0.792624903492936,0.923935240219876,0.9204515627432275,0.0014738624949661716,0.0034836774766485723,2.3538381673632784,0.003033203636941096
S16_19761114_230000,02.00min,2.0,True,2.3860652582518105,2.3802342247124293,0.6678728474953678,0.6522249489104818,0.005831033539381192,0.015647898584886022,1.4194472130744202,0.10467190414885917
S16_19761114_230000,02.44min,2.44,True,2.9324031394755936,2.905780274191021,0.5300408666682767,0.5067640628508374,0.026622865284572583,0.02327680381743924,2.5897453832209294,0.06901962597127762
S16_19761114_230000,02.99min,2.99,True,1.7951342520159623,1.8691004919423309,0.8182388024143301,0.8423273480938941,-0.07396623992636853,-0.024088545679563977,1.735931753313423,0.08090890103146368
S16_19761114_230000,03.65min,3.65,True,2.199989340389217,2.2241591618522785,0.8032403867565315,0.8180759502791417,-0.02416982146306168,-0.014835563522610173,1.408561539256425,0.04282657019244587
S16_19761114_230000,04.46min,4.46,True,2.5736582858069523,2.5670487896852525,0.8858479055842333,0.8584156352695108,0.006609496121699809,0.027432270314722507,1.3730411162511018,0.05285978928649332
S16_19761114_230000,05.45min,5.45,True,1.8951217642273823,1.9109137484438148,0.9451754793389843,0.9221285258674999,-0.015791984216432464,0.023046953471484333,1.5799281560572922,0.060200347029373276
S16_19761114_230000,06.65min,6.65,True,2.3087433603692773,2.319462194464375,0.9445461948662909,0.8739450700409426,-0.010718834095097662,0.0706011248253483,1.588129391057862,0.05089788476361151
S16_19761114_230000,08.13min,8.13,True,3.312854773240928,3.276016584717401,0.365231481800798,0.349921196869014,0.03683818852352694,0.01531028493178399,2.211894749723001,0.04320724939987619
S16_19761114_230000,09.93min,9.93,True,4.7765666315416295,4.7609760268002,0.8823053351263831,0.7753320786184779,0.015590604741429814,0.10697325650790523,2.571008198834363,0.0225026513827377
S16_19761114_230000,12.14min,12.14,True,1.9843800088811816,2.0023080460148153,0.9734955042336896,0.9742775010511844,-0.017928037133633667,-0.0007819968174948011,2.943400331982275,0.03968555648856872
S16_19761114_230000,14.83min,14.83,True,5.6558849657559955,5.597364611702516,0.8930799359428016,0.4020518562503346,0.05852035405347955,0.4910280796924669,2.4271437011868784,0.07026127901840552
S16_19761114_230000,18.12min,18.12,True,2.67785782208263,2.668666629349045,0.3349904695919463,0.41867964522642365,0.00919119273358504,-0.08368917563447736,1.3926439420531551,0.010152256178088407
S16_19761114_230000,22.14min,22.14,True,1.129257944379709,1.1306015446353752,0.9701003307626459,0.9546988666813415,-0.0013436002556661553,0.015401464081304383,3.3779022547569184,0.032722896745608326
S16_19761114_230000,27.05min,27.05,True,6.332818637405196,6.326377659345975,0.9644870219463102,0.9188605581167194,0.0064409780592207255,0.04562646382959079,2.2192196616340993,0.026619547206910742
S16_19761114_230000,33.05min,33.05,True,2.048213566910655,2.051209476335641,0.9755839438748064,0.9606710712953966,-0.002995909424986287,0.014912872579409764,1.6926956665060402,0.009113922349052344
S16_19761114_230000,40.38min,40.38,True,1.8636964271779344,1.8641255050257108,0.9718258247097249,0.9678270903701561,-0.0004290778477764601,0.003998734339568766,0.9123408485194773,0.004357534185469751
S16_19761114_230000,49.34min,49.34,True,2.503646594573505,2.5056439797739936,0.9765754545933494,0.9704714234945773,-0.001997385200488644,0.006104031098772111,1.6357144154558796,0.008316704832954736
S16_19761114_230000,60.29min,60.29,True,1.3487616379702578,1.350594450686854,0.9704906660692694,0.9589140679491683,-0.0018328127165960773,0.011576598120101034,2.4506449283788356,0.02077205101237052
S16_19761114_230000,73.66min,73.66,True,3.3293324675189457,3.3321903781161284,0.9782728003341014,0.9817405518110693,-0.0028579105971826557,-0.003467751476967984,1.5286452366701155,0.007011917935579665
S16_19761114_230000,90.00min,90.0,True,0.928124266885713,0.9295541357269013,0.9911278851685942,0.993179791839014,-0.001429868841188231,-0.0020519066704197675,4.976283053595239,0.009330535463834139
